PLAYER_ID,RANK,PLAYER,TEAM_ID,TEAM,GP,MIN,FGM,FGA,FG_PCT,FG3M,FG3A,FG3_PCT,FTM,FTA,FT_PCT,OREB,DREB,TRB,AST,STL,BLK,TOV,PF,PTS,EFF,AST_TOV,STL_TOV,Age,TS%,Salary
1628983,1,Shai Gilgeous-Alexander,1610612760,OKC,66,2268,750,1427,0.526,142,383,0.371,534,593,0.901,60,273,5.0,6.2,117,1.0,168,147,33.0,2203,2.45,0.7,26.0,0.645,33386850.0
1630162,2,Anthony Edwards,1610612750,MIN,68,2479,615,1393,0.441,275,688,0.4,373,444,0.84,51,345,5.8,4.6,77,0.6,219,124,27.6,1636,1.42,0.35,23.0,0.591,42176400.0
203999,3,Nikola Jokić,1610612743,DEN,62,2263,690,1201,0.575,117,283,0.413,309,383,0.807,179,617,12.8,10.3,109,0.7,203,143,29.1,2603,3.14,0.54,30.0,0.659,50274000.0
203507,4,Giannis Antetokounmpo,1610612749,MIL,57,1933,679,1133,0.599,8,45,0.178,355,587,0.605,130,551,11.9,6.0,48,1.2,185,139,30.2,1992,1.85,0.26,30.0,0.618,45640084.0
1628369,5,Jayson Tatum,1610612738,BOS,63,2307,582,1281,0.454,227,644,0.352,319,393,0.812,42,509,8.7,5.9,69,0.5,186,141,27.1,1773,1.99,0.37,27.0,0.588,32600060.0
1630595,6,Cade Cunningham,1610612765,DET,65,2282,616,1337,0.461,139,393,0.354,292,339,0.861,52,346,6.1,9.3,67,0.8,293,179,25.6,1719,2.06,0.23,23.0,0.559,11055360.0
1626164,7,Devin Booker,1610612756,PHX,64,2393,551,1202,0.458,172,491,0.35,386,431,0.896,63,199,4.1,7.0,64,0.2,180,170,25.9,1569,2.47,0.36,28.0,0.596,36016200.0
1628973,8,Jalen Brunson,1610612752,NYK,61,2162,558,1138,0.49,140,365,0.384,350,424,0.825,25,156,3.0,7.4,58,0.1,153,132,26.3,1496,2.95,0.38,28.0,0.606,26346666.0
1629639,9,Tyler Herro,1610612748,MIA,66,2342,550,1194,0.461,224,612,0.366,234,271,0.863,26,322,5.3,5.6,56,0.2,168,79,23.6,1500,2.21,0.33,25.0,0.593,27000000.0
1629027,10,Trae Young,1610612737,ATL,64,2311,474,1167,0.406,178,542,0.328,414,474,0.873,31,173,3.2,11.4,74,0.2,309,127,24.1,1498,2.37,0.24,26.0,0.56,40064220.0
1628378,11,Donovan Mitchell,1610612739,CLE,63,1976,524,1176,0.446,214,570,0.375,257,310,0.829,48,227,4.4,4.8,81,0.2,133,124,24.1,1354,2.29,0.61,28.0,0.579,33162030.0
1626157,12,Karl-Anthony Towns,1610612752,NYK,62,2168,548,1043,0.525,129,301,0.429,286,342,0.836,189,612,12.9,3.1,60,0.7,159,217,24.4,1898,1.2,0.38,29.0,0.633,36016200.0
201142,13,Kevin Durant,1610612756,PHX,57,2102,541,1028,0.526,142,341,0.416,279,336,0.83,22,324,6.1,4.3,47,1.2,176,96,26.4,1492,1.39,0.27,36.0,0.639,47649433.0
1630224,14,Jalen Green,1610612745,HOU,70,2344,530,1246,0.425,209,588,0.355,232,281,0.826,39,285,4.6,3.4,60,0.3,179,111,21.4,1203,1.33,0.34,23.0,0.548,9891480.0
201935,15,James Harden,1610612746,LAC,66,2316,430,1087,0.396,197,575,0.343,427,489,0.873,45,342,5.9,8.7,99,0.6,293,135,22.5,1574,1.96,0.34,35.0,0.57,35640000.0
1628368,16,De'Aaron Fox,1610612759,SAS,62,2241,539,1163,0.463,118,381,0.31,263,318,0.827,54,244,4.8,6.3,91,0.4,174,164,23.5,1412,2.25,0.52,27.0,0.56,32600060.0
2544,17,LeBron James,1610612747,LAL,58,2023,555,1073,0.517,132,344,0.384,208,270,0.77,59,417,8.2,8.5,52,0.6,226,85,25.0,1702,2.19,0.23,40.0,0.608,46698737.0
201939,18,Stephen Curry,1610612744,GSW,60,1929,476,1066,0.447,263,667,0.394,234,252,0.929,32,229,4.4,6.0,64,0.4,177,82,24.2,1377,2.04,0.36,37.0,0.616,51915615.0
203081,19,Damian Lillard,1610612749,MIL,58,2093,444,992,0.448,197,524,0.376,362,393,0.921,29,243,4.7,7.1,70,0.2,162,97,24.9,1468,2.53,0.43,34.0,0.621,45640084.0
203897,20,Zach LaVine,1610612758,SAC,61,2122,512,998,0.513,193,438,0.441,207,251,0.825,17,254,4.4,4.3,54,0.2,173,89,23.3,1321,1.52,0.31,30.0,0.642,40064220.0
201942,21,DeMar DeRozan,1610612758,SAC,64,2293,520,1071,0.486,73,205,0.356,310,357,0.868,40,212,3.9,4.2,59,0.4,91,122,22.2,1335,2.92,0.65,35.0,0.579,28600000.0
1627783,22,Pascal Siakam,1610612754,IND,68,2242,547,1040,0.526,117,294,0.398,206,277,0.744,115,367,7.1,3.4,61,0.5,99,175,20.8,1559,2.3,0.62,30.0,0.61,37893408.0
1628991,23,Jaren Jackson Jr.,1610612763,MEM,63,1853,510,1028,0.496,117,320,0.366,274,352,0.778,79,283,5.7,2.1,82,1.6,138,217,22.4,1354,0.96,0.59,25.0,0.596,25257798.0
1630178,24,Tyrese Maxey,1610612755,PHI,52,1960,477,1091,0.437,161,478,0.337,254,289,0.879,15,159,3.3,6.1,91,0.4,124,116,26.3,1199,2.56,0.73,24.0,0.562,4343920.0
1629636,25,Darius Garland,1610612739,CLE,64,1949,477,1002,0.476,185,455,0.407,199,226,0.881,38,133,2.7,6.7,79,0.2,158,126,20.9,1316,2.71,0.5,25.0,0.607,33500000.0
1627750,26,Jamal Murray,1610612743,DEN,61,2220,483,1018,0.474,145,365,0.397,200,225,0.889,41,191,3.8,6.1,88,0.5,127,118,21.5,1346,2.92,0.69,28.0,0.587,33833400.0
1631114,27,Jalen Williams,1610612760,OKC,61,1988,493,1031,0.478,111,307,0.362,201,254,0.791,52,281,5.5,5.3,101,0.7,134,144,21.3,1373,2.4,0.75,23.0,0.568,4558680.0
1629014,28,Anfernee Simons,1610612757,POR,66,2159,458,1063,0.431,207,558,0.371,168,185,0.908,23,158,2.7,4.8,57,0.1,137,111,19.6,1090,2.3,0.42,25.0,0.564,24107143.0
1627759,29,Jaylen Brown,1610612738,BOS,56,1974,474,1033,0.459,103,326,0.316,224,296,0.757,80,260,6.1,4.7,71,0.3,148,141,22.8,1190,1.78,0.48,28.0,0.548,31830357.0
1630578,30,Alperen Sengun,1610612745,HOU,66,2072,496,989,0.502,21,85,0.247,253,364,0.695,231,461,10.5,4.9,74,0.8,176,192,19.2,1626,1.83,0.42,22.0,0.551,3536280.0
1629632,31,Coby White,1610612741,CHI,63,2093,423,962,0.44,185,519,0.356,215,238,0.903,21,204,3.6,4.5,59,0.2,146,137,19.8,1116,1.93,0.4,25.0,0.584,9942113.0
202681,32,Kyrie Irving,1610612742,DAL,50,1804,447,945,0.473,144,359,0.401,196,214,0.916,60,180,4.8,4.6,66,0.5,111,101,24.7,1167,2.08,0.59,32.0,0.594,41000000.0
1629008,33,Michael Porter Jr.,1610612743,DEN,67,2259,463,922,0.502,167,422,0.396,127,168,0.756,121,346,7.0,2.1,44,0.4,85,131,18.2,1317,1.67,0.52,26.0,0.612,
1628969,34,Mikal Bridges,1610612752,NYK,69,2596,497,1000,0.497,143,408,0.35,76,97,0.784,61,161,3.2,3.6,65,0.5,108,100,17.6,1150,2.27,0.6,28.0,0.582,21700000.0
1630532,35,Franz Wagner,1610612753,ORL,50,1691,447,967,0.462,86,286,0.301,232,270,0.859,49,232,5.6,4.7,66,0.4,123,129,24.2,1132,1.91,0.54,23.0,0.558,5508720.0
1630559,36,Austin Reaves,1610612747,LAL,61,2112,386,863,0.447,160,439,0.364,264,302,0.874,50,224,4.5,6.0,71,0.3,147,121,19.6,1262,2.48,0.48,26.0,0.6,12976362.0
1629673,37,Jordan Poole,1610612764,WAS,58,1758,387,921,0.42,199,537,0.371,212,242,0.876,28,157,3.2,4.6,80,0.4,183,176,20.4,998,1.47,0.44,25.0,0.577,27955357.0
1628389,38,Bam Adebayo,1610612748,MIA,67,2309,456,937,0.487,56,179,0.313,213,279,0.763,167,493,9.9,4.3,85,0.7,144,146,17.6,1574,2.02,0.59,27.0,0.557,32600060.0
202696,39,Nikola Vučević,1610612741,CHI,62,1968,473,890,0.531,113,282,0.401,103,128,0.805,143,483,10.1,3.4,50,0.7,101,147,18.7,1547,2.09,0.49,34.0,0.614,20000000
1630596,40,Evan Mobley,1610612739,CLE,61,1848,443,775,0.572,69,183,0.377,191,259,0.737,138,426,9.2,3.0,52,1.5,123,124,18.8,1517,1.51,0.42,23.0,0.645,8882640.0
1630169,41,Tyrese Haliburton,1610612754,IND,62,2107,401,858,0.467,186,481,0.387,157,183,0.858,36,183,3.5,9.0,94,0.6,104,79,18.5,1469,5.39,0.9,25.0,0.61,5808435.0
1630163,42,LaMelo Ball,1610612766,CHA,45,1442,391,971,0.403,174,514,0.339,185,221,0.837,46,182,5.1,7.2,52,0.3,158,148,25.4,986,2.06,0.33,23.0,0.534,10900635.0
1627736,43,Malik Beasley,1610612765,DET,70,1919,396,901,0.44,272,649,0.419,73,113,0.646,39,150,2.7,1.7,67,0.1,77,108,16.2,895,1.56,0.87,28.0,0.598,16524106.0
1628970,44,Miles Bridges,1610612766,CHA,54,1747,409,931,0.439,125,380,0.329,190,219,0.868,59,364,7.8,3.9,40,0.7,114,83,21.0,1180,1.83,0.35,27.0,0.551,27173913.0
203468,45,CJ McCollum,1610612740,NOP,54,1767,422,957,0.441,165,440,0.375,119,166,0.717,41,164,3.8,4.0,41,0.4,98,120,20.9,935,2.21,0.42,33.0,0.548,35802469.0
1630530,46,Trey Murphy III,1610612740,NOP,53,1854,381,839,0.454,158,438,0.361,204,230,0.887,47,221,5.1,3.5,56,0.7,103,112,21.2,1088,1.82,0.54,24.0,0.598,5159855.0
1629628,47,RJ Barrett,1610612761,TOR,52,1713,418,885,0.472,98,273,0.359,183,282,0.649,53,283,6.5,5.7,42,0.3,154,128,21.5,1084,1.91,0.27,24.0,0.553,23883929.0
1641705,48,Victor Wembanyama,1610612759,SAS,46,1527,408,857,0.476,142,403,0.352,158,189,0.836,82,424,11.0,3.7,52,3.8,149,105,24.3,1389,1.13,0.35,21.0,0.594,12768960
1627734,49,Domantas Sabonis,1610612758,SAC,58,2016,437,737,0.593,57,134,0.425,181,242,0.748,223,581,13.9,6.2,37,0.4,170,193,19.2,1806,2.12,0.22,28.0,0.659,22000000.0
1626181,49,Norman Powell,1610612746,LAC,48,1560,386,788,0.49,153,362,0.423,187,227,0.824,17,146,3.4,2.1,61,0.2,95,90,23.2,909,1.07,0.64,31.0,0.626,18000000.0
203076,51,Anthony Davis,1610612742,DAL,43,1470,410,776,0.528,30,96,0.313,257,327,0.786,123,392,12.0,3.4,54,2.2,94,82,25.7,1387,1.57,0.57,32.0,0.602,40600080.0
1630217,51,Desmond Bane,1610612763,MEM,58,1839,411,845,0.486,132,338,0.391,153,174,0.879,55,309,6.3,5.5,69,0.4,148,142,19.1,1279,2.14,0.47,26.0,0.601,3845083.0
1627826,53,Ivica Zubac,1610612746,LAC,67,2187,488,781,0.625,0,0,0.0,122,193,0.632,252,590,12.6,2.6,49,1.2,111,145,16.4,1764,1.55,0.44,28.0,0.634,10933333.0
1628401,54,Derrick White,1610612738,BOS,65,2199,369,835,0.442,228,590,0.386,119,140,0.85,56,227,4.4,4.4,61,1.1,106,120,16.7,1190,2.69,0.57,30.0,0.605,18357143.0
203944,54,Julius Randle,1610612750,MIN,58,1870,378,792,0.477,85,259,0.328,244,303,0.805,124,284,7.0,4.6,39,0.2,168,146,18.7,1173,1.6,0.23,30.0,0.586,25660800.0
1630567,56,Scottie Barnes,1610612761,TOR,55,1855,405,908,0.446,65,243,0.267,208,270,0.77,92,339,7.8,5.9,83,1.0,160,103,19.7,1252,2.02,0.52,23.0,0.527,8008680.0
1631101,57,Shaedon Sharpe,1610612757,POR,62,1888,405,902,0.449,122,388,0.314,150,188,0.798,54,204,4.2,2.6,48,0.2,125,105,17.5,905,1.3,0.38,21.0,0.549,6313800.0
1628384,58,OG Anunoby,1610612752,NYK,63,2312,386,839,0.46,139,386,0.36,142,177,0.802,85,219,4.8,2.1,92,0.9,84,148,16.7,1069,1.61,1.09,27.0,0.574,18642857.0
1628370,59,Malik Monk,1610612758,SAC,58,1902,387,871,0.444,130,398,0.327,143,164,0.872,29,193,3.8,5.9,58,0.7,139,148,18.1,1062,2.45,0.42,27.0,0.555,9945830.0
1629029,60,Luka Dončić,1610612747,LAL,38,1335,346,787,0.44,128,367,0.349,223,290,0.769,32,291,8.5,7.9,75,0.4,144,100,27.4,1106,2.08,0.52,26.0,0.57,43031940.0
1631128,61,Christian Braun,1610612743,DEN,68,2271,400,698,0.573,73,188,0.388,154,188,0.819,83,259,5.0,2.4,75,0.5,67,145,15.1,1245,2.46,1.12,23.0,0.658,2949120.0
1631097,62,Bennedict Mathurin,1610612754,IND,63,1913,354,756,0.468,93,256,0.363,224,269,0.833,76,267,5.4,1.9,38,0.4,118,145,16.3,982,1.0,0.32,22.0,0.586,6916080.0
1629675,63,Naz Reid,1610612750,MIN,70,1959,380,827,0.459,160,415,0.386,101,131,0.771,82,349,6.2,2.2,55,1.0,96,172,14.6,1157,1.61,0.57,25.0,0.577,13986432.0
1629661,64,Cameron Johnson,1610612751,BKN,53,1689,333,699,0.476,153,384,0.398,185,209,0.885,50,177,4.3,3.2,51,0.5,89,100,18.9,996,1.89,0.57,29.0,0.635,8060533.0
1630166,65,Deni Avdija,1610612757,POR,64,1867,324,693,0.468,103,286,0.36,246,317,0.776,84,352,6.8,3.7,58,0.5,166,150,15.6,1153,1.42,0.35,24.0,0.599,6263188.0
1629012,66,Collin Sexton,1610612762,UTA,54,1510,348,734,0.474,95,236,0.403,185,214,0.864,57,99,2.9,4.2,35,0.1,142,119,18.1,844,1.61,0.25,26.0,0.589,17325000.0
1629630,67,Ja Morant,1610612763,MEM,43,1291,329,733,0.449,66,227,0.291,236,283,0.834,25,150,4.1,7.4,53,0.3,161,95,22.3,907,1.99,0.33,25.0,0.56,33500000.0
1630202,68,Payton Pritchard,1610612738,BOS,68,1914,335,714,0.469,223,533,0.418,64,75,0.853,89,165,3.7,3.4,60,0.2,64,102,14.1,1058,3.56,0.94,27.0,0.641,4037277.0
203952,69,Andrew Wiggins,1610612748,MIA,54,1666,331,754,0.439,115,316,0.364,179,232,0.772,81,162,4.5,2.5,51,0.8,85,91,17.7,867,1.58,0.6,30.0,0.558,24330357.0
1626167,70,Myles Turner,1610612754,IND,61,1870,332,696,0.477,129,330,0.391,153,195,0.785,76,319,6.5,1.6,50,1.9,107,159,15.5,1092,0.93,0.47,28.0,0.605,20975000.0
1628386,71,Jarrett Allen,1610612739,CLE,69,1981,381,543,0.702,0,3,0.0,173,236,0.733,183,515,10.1,1.9,67,0.9,80,109,13.6,1594,1.68,0.84,26.0,0.723,20000000.0
1642264,71,Stephon Castle,1610612759,SAS,67,1727,337,787,0.428,79,273,0.289,182,254,0.717,65,149,3.2,3.5,62,0.2,134,136,14.0,806,1.75,0.46,20.0,0.52,9105120.0
1641718,73,Keyonte George,1610612762,UTA,55,1722,298,748,0.398,144,416,0.346,189,236,0.801,21,186,3.8,5.8,40,0.2,154,94,16.9,853,2.07,0.26,21.0,0.545,4084265.0
1629631,74,De'Andre Hunter,1610612739,CLE,53,1466,296,633,0.468,134,324,0.414,199,233,0.854,38,174,4.0,1.5,37,0.2,70,129,17.5,819,1.1,0.53,27.0,0.629,20089286.0
1628415,75,Dillon Brooks,1610612745,HOU,66,2134,335,795,0.421,163,413,0.395,91,111,0.82,73,183,3.9,1.8,52,0.2,67,224,14.0,816,1.75,0.78,29.0,0.547,22255493.0
1628404,76,Josh Hart,1610612752,NYK,66,2491,354,664,0.533,74,218,0.339,141,178,0.792,142,494,9.6,5.7,98,0.4,137,170,14.0,1578,2.77,0.71,30.0,0.622,12960000.0
202699,77,Tobias Harris,1610612765,DET,66,2122,351,739,0.475,81,240,0.338,133,154,0.864,61,341,6.1,2.2,61,0.8,73,121,13.9,1093,1.96,0.84,32.0,0.568,39270150.0
1631094,78,Paolo Banchero,1610612753,ORL,36,1234,311,699,0.445,70,214,0.327,217,301,0.721,40,219,7.2,4.8,30,0.7,101,78,25.2,821,1.69,0.3,22.0,0.547,11608080.0
1626162,79,Kelly Oubre Jr.,1610612755,PHI,60,2078,348,741,0.47,71,242,0.293,139,185,0.751,97,271,6.1,1.8,92,0.5,80,180,15.1,985,1.35,1.15,29.0,0.551,7983000.0
1630700,80,Dyson Daniels,1610612737,ATL,64,2166,379,782,0.485,68,197,0.345,74,126,0.587,103,257,5.6,4.2,194,0.7,124,157,14.1,1194,2.19,1.56,22.0,0.537,5784120.0
1630183,81,Jaden McDaniels,1610612750,MIN,71,2296,354,734,0.482,94,277,0.339,93,112,0.83,116,308,6.0,2.1,102,0.9,80,204,12.6,1154,1.86,1.27,24.0,0.571,3901399.0
1628374,82,Lauri Markkanen,1610612762,UTA,47,1476,296,700,0.423,138,399,0.346,162,185,0.876,72,206,5.9,1.5,33,0.4,66,79,19.0,797,1.06,0.5,27.0,0.571,17259999.0
202691,83,Klay Thompson,1610612742,DAL,61,1691,317,764,0.415,189,475,0.398,57,63,0.905,42,177,3.6,2.1,46,0.5,81,75,14.4,770,1.62,0.57,35.0,0.556,43219440.0
1629656,84,Quentin Grimes,1610612755,PHI,65,1667,312,647,0.482,131,330,0.397,117,157,0.745,51,223,4.2,2.6,61,0.3,109,119,13.4,915,1.57,0.56,24.0,0.609,2385720.0
201572,85,Brook Lopez,1610612749,MIL,68,2158,319,643,0.496,120,324,0.37,97,114,0.851,92,247,5.0,1.7,45,1.9,69,148,12.6,1072,1.67,0.65,36.0,0.617,23000000.0
203471,86,Dennis Schröder,1610612765,DET,64,1752,296,714,0.415,116,329,0.353,144,171,0.842,20,143,2.5,5.3,60,0.2,124,152,13.3,857,2.73,0.48,31.0,0.54,13025250.0
1630581,87,Josh Giddey,1610612741,CHI,61,1812,314,673,0.467,91,241,0.378,131,166,0.789,104,363,7.7,6.7,67,0.6,166,104,13.9,1272,2.46,0.4,22.0,0.57,6587040.0
1630170,88,Devin Vassell,1610612759,SAS,53,1635,321,737,0.436,121,344,0.352,85,107,0.794,30,176,3.9,2.9,67,0.6,71,87,16.0,796,2.14,0.94,24.0,0.541,5887899.0
1641708,89,Amen Thompson,1610612745,HOU,60,1952,331,599,0.553,20,78,0.256,158,228,0.693,166,334,8.3,3.6,79,1.2,126,140,14.0,1248,1.73,0.63,22.0,0.601,9249748.0
203078,90,Bradley Beal,1610612756,PHX,48,1545,318,630,0.505,92,233,0.395,104,128,0.813,33,131,3.4,3.6,49,0.5,92,123,17.3,816,1.89,0.53,31.0,0.606,46741590.0
201566,91,Russell Westbrook,1610612743,DEN,63,1777,315,690,0.457,83,244,0.34,113,177,0.638,95,227,5.1,6.3,89,0.5,196,157,13.1,1030,2.02,0.45,36.0,0.538,5631296.0
1629640,92,Keldon Johnson,1610612759,SAS,65,1545,305,633,0.482,76,230,0.33,127,166,0.765,89,212,4.6,1.5,41,0.2,62,98,12.5,840,1.6,0.66,25.0,0.576,20000000.0
1631099,93,Keegan Murray,1610612758,SAC,66,2291,314,712,0.441,129,384,0.336,55,66,0.833,132,315,6.8,1.5,52,0.8,56,169,12.3,1000,1.75,0.93,24.0,0.548,8409000.0
203084,94,Harrison Barnes,1610612759,SAS,68,1848,277,546,0.507,119,276,0.431,128,165,0.776,91,171,3.9,1.7,24,0.2,39,61,11.8,868,2.9,0.61,32.0,0.647,18000000.0
1630168,95,Onyeka Okongwu,1610612737,ATL,62,1657,315,551,0.572,33,106,0.311,134,179,0.749,188,343,8.6,2.2,57,1.0,65,153,12.9,1236,2.11,0.88,24.0,0.633,8109063.0
1627741,96,Buddy Hield,1610612744,GSW,70,1613,285,684,0.417,175,475,0.368,46,57,0.807,41,187,3.3,1.7,61,0.3,85,113,11.3,728,1.44,0.72,32.0,0.558,19279841.0
1630598,97,Aaron Wiggins,1610612760,OKC,68,1535,309,628,0.492,114,294,0.388,57,69,0.826,75,184,3.8,1.7,52,0.3,58,86,11.6,846,2.02,0.9,26.0,0.599,1836096.0
1630703,98,Scoot Henderson,1610612757,POR,62,1662,271,642,0.422,97,272,0.357,149,193,0.772,48,142,3.1,5.0,67,0.2,167,171,12.7,789,1.87,0.4,21.0,0.542,10259449.0
1641711,99,Gradey Dick,1610612761,TOR,54,1587,265,647,0.41,114,326,0.35,133,155,0.858,44,149,3.6,1.8,48,0.2,83,120,14.4,639,1.18,0.58,21.0,0.543,4763543.0
1628398,100,Kyle Kuzma,1610612749,MIL,52,1549,296,697,0.425,72,252,0.286,103,164,0.628,41,271,6.0,2.3,29,0.2,115,94,14.8,662,1.04,0.25,29.0,0.499,13000000.0
1631105,101,Jalen Duren,1610612765,DET,67,1736,317,456,0.695,0,0,0.0,132,193,0.684,230,458,10.3,2.5,48,1.1,117,217,11.4,1432,1.45,0.41,21.0,0.708,4330680.0
1629660,102,Ty Jerome,1610612739,CLE,64,1262,276,549,0.503,94,225,0.418,117,135,0.867,46,115,2.5,3.3,74,0.0,83,94,11.9,838,2.57,0.89,27.0,0.627,1761752.0
1628381,103,John Collins,1610612762,UTA,40,1221,280,531,0.527,59,148,0.399,139,164,0.848,89,238,8.2,2.0,39,1.0,103,116,19.0,865,0.78,0.38,27.0,0.628,25340000.0
1627751,104,Jakob Poeltl,1610612761,TOR,53,1579,331,533,0.621,1,3,0.333,94,139,0.676,175,333,9.6,2.8,63,1.2,102,169,14.3,1193,1.47,0.62,29.0,0.637,19500000.0
1642377,105,Jaylen Wells,1610612763,MEM,70,1817,264,616,0.429,126,352,0.358,94,116,0.81,76,152,3.3,1.7,39,0.1,65,130,10.7,700,1.78,0.6,21.0,0.561,
202685,106,Jonas Valančiūnas,1610612758,SAC,68,1355,305,562,0.543,8,33,0.242,126,145,0.869,172,388,8.2,2.2,34,0.7,110,151,10.9,1147,1.36,0.31,32.0,0.594,
1629130,107,Duncan Robinson,1610612748,MIA,66,1624,262,600,0.437,170,437,0.389,44,50,0.88,16,137,2.3,2.5,37,0.1,79,126,11.2,674,2.08,0.47,30.0,0.593,18154000.0
1642258,108,Zaccharie Risacher,1610612737,ATL,62,1520,277,625,0.443,96,274,0.35,87,121,0.719,76,156,3.7,1.2,47,0.5,79,117,11.9,662,0.96,0.59,19.0,0.543,
1629627,108,Zion Williamson,1610612740,NOP,30,857,288,508,0.567,3,13,0.231,158,241,0.656,76,140,7.2,5.3,37,0.9,90,82,24.6,783,1.77,0.41,24.0,0.6,33500000.0
202710,110,Jimmy Butler III,1610612744,GSW,43,1346,233,472,0.494,22,73,0.301,247,298,0.829,99,144,5.7,5.5,50,0.4,60,44,17.1,930,3.93,0.83,35.0,0.609,
1630230,111,Naji Marshall,1610612742,DAL,57,1526,285,575,0.496,52,189,0.275,107,129,0.829,64,206,4.7,2.9,60,0.1,89,87,12.8,830,1.84,0.67,27.0,0.577,1930681.0
1641731,112,Bilal Coulibaly,1610612764,WAS,59,1948,263,624,0.421,63,224,0.281,138,185,0.746,91,203,5.0,3.4,78,0.7,125,139,12.3,806,1.59,0.62,20.0,0.515,
203915,112,Spencer Dinwiddie,1610612742,DAL,68,1781,237,574,0.413,93,278,0.335,160,197,0.812,15,151,2.4,3.9,58,0.2,80,104,10.7,777,3.33,0.72,31.0,0.55,20357143.0
1641739,114,Toumani Camara,1610612757,POR,67,2196,270,592,0.456,107,287,0.373,79,108,0.731,152,238,5.8,2.2,98,0.7,98,204,10.8,956,1.5,1.0,24.0,0.568,
1627832,115,Fred VanVleet,1610612745,HOU,51,1792,248,653,0.38,134,394,0.34,94,114,0.825,30,176,4.0,5.6,83,0.5,75,122,14.2,824,3.84,1.11,31.0,0.515,22824074.0
1626145,116,Tyus Jones,1610612756,PHX,69,1929,261,586,0.445,145,343,0.423,49,55,0.891,34,131,2.4,5.7,59,0.1,86,59,10.4,920,4.54,0.69,28.0,0.587,14000000.0
1629023,117,P.J. Washington,1610612742,DAL,49,1585,256,581,0.441,76,207,0.367,124,169,0.734,77,320,8.1,2.3,57,1.0,95,118,14.5,863,1.18,0.6,26.0,0.543,
1630557,118,Corey Kispert,1610612764,WAS,61,1602,255,565,0.451,120,330,0.364,75,88,0.852,36,145,3.0,1.7,26,0.2,64,98,11.6,642,1.61,0.41,26.0,0.584,3722040.0
1626156,119,D'Angelo Russell,1610612751,BKN,54,1393,240,607,0.395,107,339,0.316,117,140,0.836,18,132,2.8,5.2,52,0.4,100,109,13.0,719,2.81,0.52,29.0,0.526,0.0
1630553,120,Keon Johnson,1610612751,BKN,68,1630,250,667,0.375,104,341,0.305,85,110,0.773,59,195,3.7,2.0,72,0.4,87,176,10.1,650,1.57,0.83,23.0,0.482,2808720.0
1630583,121,Santi Aldama,1610612763,MEM,54,1352,269,550,0.489,98,260,0.377,51,73,0.699,85,274,6.6,2.8,42,0.5,53,57,12.7,912,2.85,0.79,24.0,0.59,
203501,121,Tim Hardaway Jr.,1610612765,DET,66,1848,226,565,0.4,137,381,0.36,98,118,0.831,16,145,2.4,1.6,35,0.1,44,80,10.4,591,2.39,0.8,33.0,0.557,
1630552,123,Jalen Johnson,1610612737,ATL,36,1284,271,542,0.5,44,141,0.312,94,126,0.746,62,297,10.0,5.0,56,1.0,106,67,18.9,903,1.71,0.53,23.0,0.569,2925360.0
1630167,124,Obi Toppin,1610612754,IND,66,1288,257,483,0.532,83,234,0.355,81,101,0.802,48,219,4.0,1.6,42,0.3,57,89,10.3,810,1.82,0.74,27.0,0.643,6803012.0
203924,125,Jerami Grant,1610612757,POR,47,1524,214,574,0.373,108,296,0.365,141,166,0.849,26,137,3.5,2.1,41,1.0,65,109,14.4,578,1.55,0.63,31.0,0.523,0.0
1629599,126,Amir Coffey,1610612746,LAC,67,1698,234,497,0.471,99,240,0.413,108,119,0.908,32,123,2.3,1.1,38,0.1,42,117,10.1,634,1.79,0.91,27.0,0.614,3666667.0
1627884,127,Derrick Jones Jr.,1610612746,LAC,64,1585,267,506,0.528,66,182,0.363,71,100,0.71,80,142,3.5,0.8,69,0.4,57,129,10.5,711,0.86,1.21,28.0,0.61,
1629018,127,Gary Trent Jr.,1610612749,MIL,62,1543,234,534,0.438,146,347,0.421,57,67,0.851,16,127,2.3,1.2,61,0.1,37,109,10.8,605,1.97,1.65,26.0,0.595,
1642259,129,Alex Sarr,1610612764,WAS,53,1424,249,629,0.396,87,265,0.328,85,128,0.664,104,249,6.7,2.3,36,1.5,77,120,12.6,764,1.61,0.47,19.0,0.489,
202331,130,Paul George,1610612755,PHI,41,1334,245,570,0.43,96,268,0.358,79,97,0.814,24,195,5.3,4.3,75,0.5,106,101,16.2,708,1.68,0.71,34.0,0.543,45640084.0
1629060,130,Rui Hachimura,1610612747,LAL,50,1605,253,500,0.506,84,205,0.41,75,98,0.765,73,188,5.2,1.5,40,0.5,44,91,13.3,751,1.71,0.91,27.0,0.612,8486619.0
203497,132,Rudy Gobert,1610612750,MIN,61,1995,258,394,0.655,0,0,0.0,147,217,0.677,212,413,10.2,1.8,44,1.5,78,147,10.9,1249,1.4,0.56,32.0,0.677,41000000.0
1629638,133,Nickeil Alexander-Walker,1610612750,MIN,71,1784,233,529,0.44,123,316,0.389,72,92,0.783,43,184,3.2,2.5,45,0.4,87,121,9.3,735,2.06,0.52,26.0,0.58,7073602.0
1626179,134,Terry Rozier,1610612748,MIA,59,1571,241,608,0.396,88,293,0.3,90,105,0.857,40,182,3.8,2.7,35,0.2,76,73,11.2,630,2.07,0.46,31.0,0.504,23205221.0
1627824,135,Guerschon Yabusele,1610612755,PHI,63,1671,240,484,0.496,94,241,0.39,85,115,0.739,117,232,5.5,2.0,51,0.3,80,151,10.5,852,1.56,0.64,29.0,0.616,
204001,136,Kristaps Porziņģis,1610612738,BOS,34,987,224,464,0.483,79,202,0.391,128,158,0.81,52,180,6.8,1.9,28,1.6,42,92,19.3,723,1.55,0.67,29.0,0.614,
1630577,137,Julian Champagnie,1610612759,SAS,68,1576,221,534,0.414,140,388,0.361,64,71,0.901,57,200,3.8,1.4,53,0.4,60,93,9.5,697,1.53,0.88,23.0,0.571,1761752.0
1627777,138,Georges Niang,1610612737,ATL,67,1464,236,514,0.459,131,331,0.396,40,50,0.8,45,207,3.8,1.4,24,0.2,62,169,9.6,678,1.55,0.39,31.0,0.6,0.0
1642261,139,Dalton Knecht,1610612747,LAL,66,1373,233,507,0.46,114,310,0.368,60,80,0.75,32,165,3.0,0.9,23,0.1,34,86,9.7,600,1.82,0.68,23.0,0.59,
1631108,140,Max Christie,1610612742,DAL,66,1804,214,495,0.432,100,267,0.375,105,124,0.847,32,180,3.2,1.9,53,0.4,70,108,9.6,683,1.81,0.76,22.0,0.576,1719864.0
1626171,141,Bobby Portis,1610612749,MIL,46,1160,258,557,0.463,60,165,0.364,55,67,0.821,83,300,8.3,2.2,31,0.5,56,87,13.7,805,1.82,0.55,30.0,0.538,11710818.0
1630590,141,Scotty Pippen Jr.,1610612763,MEM,68,1398,232,496,0.468,66,182,0.363,101,142,0.711,55,168,3.3,4.3,89,0.4,114,167,9.3,841,2.56,0.78,24.0,0.565,
1629655,143,Daniel Gafford,1610612742,DAL,51,1115,253,362,0.699,0,0,0.0,121,173,0.699,139,211,6.9,1.4,21,1.9,61,136,12.3,945,1.2,0.34,26.0,0.716,12402000.0
1642267,144,Bub Carrington,1610612764,WAS,68,1982,231,577,0.4,107,320,0.334,54,65,0.831,29,243,4.0,4.1,48,0.2,109,157,9.2,772,2.57,0.44,19.0,0.514,
1627747,145,Caris LeVert,1610612737,ATL,52,1294,222,469,0.473,89,226,0.394,84,117,0.718,31,130,3.1,3.4,47,0.5,63,76,11.9,684,2.78,0.75,30.0,0.593,0.0
1630592,145,Jalen Wilson,1610612751,BKN,69,1766,205,522,0.393,95,299,0.318,112,135,0.83,67,152,3.2,1.8,35,0.0,73,143,8.9,584,1.69,0.48,24.0,0.531,
1629652,147,Luguentz Dort,1610612760,OKC,62,1807,219,516,0.424,141,356,0.396,33,44,0.75,85,175,4.2,1.6,68,0.6,44,182,9.9,724,2.27,1.54,25.0,0.572,15277778.0
1629651,147,Nic Claxton,1610612751,BKN,61,1666,270,492,0.549,1,16,0.063,71,136,0.522,138,323,7.6,2.2,56,1.5,76,132,10.0,992,1.79,0.74,25.0,0.555,
1630541,149,Moses Moody,1610612744,GSW,62,1338,206,469,0.439,107,279,0.384,92,116,0.793,42,113,2.5,1.2,42,0.4,40,92,9.9,583,1.93,1.05,22.0,0.587,3918480.0
204456,149,T.J. McConnell,1610612754,IND,66,1192,272,528,0.515,14,45,0.311,53,71,0.746,34,120,2.3,4.5,73,0.3,96,65,9.3,782,3.09,0.76,32.0,0.546,
1628978,151,Donte DiVincenzo,1610612750,MIN,52,1381,209,500,0.418,147,372,0.395,45,58,0.776,27,169,3.8,3.8,65,0.2,81,93,11.7,693,2.41,0.8,28.0,0.58,4725000.0
1631117,152,Walker Kessler,1610612762,UTA,53,1598,262,379,0.691,4,23,0.174,78,143,0.545,244,409,12.3,1.6,32,2.4,78,118,11.4,1244,1.09,0.41,23.0,0.686,2831160.0
1630198,153,Isaiah Joe,1610612760,OKC,62,1311,208,485,0.429,152,380,0.4,35,44,0.795,32,129,2.6,1.5,39,0.1,31,100,9.7,591,3.1,1.26,25.0,0.598,1997238.0
1630228,153,Jonathan Kuminga,1610612744,GSW,37,949,217,477,0.455,41,126,0.325,128,196,0.653,48,128,4.8,2.3,33,0.5,58,74,16.3,530,1.47,0.57,22.0,0.535,6012840.0
1630560,155,Cam Thomas,1610612751,BKN,25,781,199,454,0.438,68,195,0.349,133,151,0.881,15,68,3.3,3.8,15,0.1,62,44,24.0,458,1.52,0.24,23.0,0.575,2240160.0
101108,156,Chris Paul,1610612759,SAS,68,1916,201,477,0.421,117,310,0.377,78,83,0.94,29,220,3.7,7.8,86,0.2,103,121,8.8,1095,5.17,0.83,39.0,0.581,30800000.0
1626220,156,Royce O'Neale,1610612756,PHX,64,1619,212,492,0.431,154,371,0.415,19,26,0.731,50,267,5.0,2.2,65,0.5,56,130,9.3,810,2.57,1.16,31.0,0.593,9500000.0
1641729,158,Brice Sensabaugh,1610612762,UTA,59,1115,216,470,0.46,114,282,0.404,49,54,0.907,33,126,2.7,1.4,33,0.1,85,84,10.1,529,0.95,0.39,21.0,0.603,
1641710,159,Anthony Black,1610612753,ORL,66,1565,205,494,0.415,48,156,0.308,133,178,0.747,39,140,2.7,3.0,69,0.5,115,139,9.0,626,1.75,0.6,21.0,0.516,
203903,160,Jordan Clarkson,1610612762,UTA,36,940,198,482,0.411,82,225,0.364,112,141,0.794,25,90,3.2,3.8,31,0.2,82,52,16.4,485,1.66,0.38,32.0,0.542,14260000.0
1629645,161,Kevin Porter Jr.,1610612749,MIL,63,1179,228,525,0.434,41,140,0.293,91,124,0.734,33,186,3.5,3.1,63,0.2,115,95,9.3,634,1.7,0.55,24.0,0.507,
1631106,161,Tari Eason,1610612745,HOU,47,1194,231,471,0.49,54,156,0.346,72,93,0.774,108,193,6.4,1.4,87,0.9,51,118,12.5,773,1.29,1.71,23.0,0.574,3527160.0
1631095,163,Jabari Smith Jr.,1610612745,HOU,48,1477,207,477,0.434,82,235,0.349,91,111,0.82,89,228,6.6,1.1,20,0.9,51,109,12.2,675,1.0,0.39,21.0,0.558,
1630175,164,Cole Anthony,1610612753,ORL,61,1135,215,508,0.423,68,195,0.349,87,106,0.821,43,143,3.0,2.9,42,0.4,99,141,9.6,604,1.77,0.42,24.0,0.527,5539771.0
201950,165,Jrue Holiday,1610612738,BOS,53,1625,218,493,0.442,91,270,0.337,56,62,0.903,64,165,4.3,3.8,57,0.5,72,88,11.0,744,2.81,0.79,34.0,0.56,36861707.0
203484,166,Kentavious Caldwell-Pope,1610612753,ORL,66,1996,207,486,0.426,91,287,0.317,73,84,0.869,25,114,2.1,1.8,85,0.5,54,128,8.8,606,2.19,1.57,32.0,0.553,14704938.0
1642274,166,Yves Missi,1610612740,NOP,65,1747,235,433,0.543,0,1,0.0,108,172,0.628,226,295,8.0,1.3,35,1.4,75,131,8.9,971,1.12,0.47,20.0,0.568,
203932,168,Aaron Gordon,1610612743,DEN,41,1117,204,388,0.526,63,136,0.463,106,131,0.809,66,139,5.0,3.0,19,0.2,57,63,14.1,666,2.12,0.33,29.0,0.647,21266182.0
1629028,169,Deandre Ayton,1610612757,POR,40,1206,265,468,0.566,6,32,0.188,40,60,0.667,124,282,10.2,1.6,31,1.0,69,88,14.4,824,0.93,0.45,26.0,0.583,32459438.0
1631124,170,Julian Strawther,1610612743,DEN,61,1351,205,472,0.434,94,263,0.357,68,82,0.829,16,116,2.2,1.3,38,0.2,57,146,9.4,500,1.42,0.67,22.0,0.563,
1641706,171,Brandon Miller,1610612766,CHA,27,924,198,491,0.403,104,293,0.355,68,79,0.861,25,106,4.9,3.6,29,0.7,76,74,21.0,466,1.29,0.38,22.0,0.54,
1628960,171,Grayson Allen,1610612756,PHX,53,1317,181,402,0.45,129,297,0.434,77,95,0.811,29,136,3.1,2.2,47,0.4,57,81,10.7,619,2.04,0.82,29.0,0.64,8925000.0
1630591,173,Jalen Suggs,1610612753,ORL,35,1002,197,481,0.41,76,242,0.314,97,110,0.882,23,118,4.0,3.7,51,0.9,102,98,16.2,522,1.26,0.5,23.0,0.536,7252080.0
1630534,173,Ochai Agbaji,1610612761,TOR,56,1508,226,447,0.506,84,211,0.398,31,45,0.689,50,156,3.7,1.5,46,0.5,44,107,10.1,653,1.91,1.04,24.0,0.607,4114200.0
1630533,173,Ziaire Williams,1610612751,BKN,55,1368,193,464,0.416,92,265,0.347,89,108,0.824,59,203,4.8,1.4,54,0.4,57,135,10.3,636,1.35,0.95,23.0,0.554,4810200.0
1630245,176,Ayo Dosunmu,1610612741,CHI,46,1394,221,449,0.492,62,189,0.328,62,79,0.785,26,135,3.5,4.5,43,0.4,69,105,12.3,682,3.01,0.62,25.0,0.585,0.0
1631109,177,Mark Williams,1610612766,CHA,36,933,221,373,0.592,0,1,0.0,115,144,0.799,114,250,10.1,2.5,26,1.3,48,87,15.5,855,1.9,0.54,23.0,0.638,3908160.0
1630540,177,Miles McBride,1610612752,NYK,59,1471,202,496,0.407,104,280,0.371,49,60,0.817,44,105,2.5,2.9,56,0.3,39,96,9.4,604,4.33,1.44,24.0,0.533,1836096.0
1641722,179,Jordan Hawkins,1610612740,NOP,52,1212,190,512,0.371,100,301,0.332,72,87,0.828,23,117,2.7,1.1,30,0.4,51,44,10.6,416,1.16,0.59,22.0,0.502,
1629614,180,Andrew Nembhard,1610612754,IND,53,1530,206,442,0.466,44,141,0.312,94,120,0.783,26,140,3.1,5.1,67,0.2,100,127,10.4,699,2.68,0.67,25.0,0.556,2131905.0
1631110,180,Jeremy Sochan,1610612759,SAS,48,1221,226,412,0.549,26,79,0.329,72,106,0.679,114,205,6.6,2.5,40,0.5,77,115,11.5,754,1.53,0.52,21.0,0.6,5316960.0
1631165,182,Keon Ellis,1610612758,SAC,67,1546,187,385,0.486,114,264,0.432,61,71,0.859,50,117,2.5,1.3,96,0.8,56,140,8.2,689,1.61,1.71,25.0,0.659,1761752.0
1627752,182,Taurean Prince,1610612749,MIL,68,1822,196,434,0.452,125,282,0.443,32,38,0.842,32,223,3.8,2.0,61,0.1,73,139,8.1,692,1.84,0.84,30.0,0.609,7650000.0
1628989,184,Kevin Huerter,1610612741,CHI,59,1357,203,492,0.413,107,327,0.327,31,43,0.721,28,149,3.0,2.0,58,0.4,56,104,9.2,560,2.09,1.04,26.0,0.532,15669643.0
1627749,185,Dejounte Murray,1610612740,NOP,31,1012,194,494,0.393,52,174,0.299,102,124,0.823,17,183,6.5,7.4,63,0.4,106,61,17.5,617,2.15,0.59,28.0,0.494,18214000.0
1641764,186,Brandin Podziemski,1610612744,GSW,52,1333,203,471,0.431,75,227,0.33,57,76,0.75,54,199,4.9,3.3,55,0.2,56,75,10.3,688,3.09,0.98,22.0,0.533,
1629634,187,Brandon Clarke,1610612763,MEM,64,1207,236,380,0.621,1,17,0.059,61,87,0.701,127,199,5.1,1.0,52,0.6,41,145,8.3,803,1.61,1.27,28.0,0.638,12500000.0
1628392,187,Isaiah Hartenstein,1610612760,OKC,47,1331,233,403,0.578,0,15,0.0,68,102,0.667,138,384,11.1,3.9,37,1.0,82,141,11.4,1038,2.23,0.45,26.0,0.596,9245121.0
1642273,189,Kyshawn George,1610612764,WAS,61,1657,181,491,0.369,105,324,0.324,63,82,0.768,44,212,4.2,2.4,61,0.8,90,186,8.7,625,1.64,0.68,21.0,0.503,
1631093,190,Jaden Ivey,1610612765,DET,30,898,190,413,0.46,63,154,0.409,85,116,0.733,40,84,4.1,4.0,28,0.4,89,67,17.6,467,1.34,0.32,23.0,0.569,7614480.0
1642271,191,Kyle Filipowski,1610612762,UTA,60,1180,195,375,0.52,61,155,0.394,72,115,0.626,83,242,5.4,2.0,36,0.2,78,133,8.7,711,1.51,0.46,21.0,0.614,
1628379,192,Luke Kennard,1610612763,MEM,55,1245,186,387,0.481,103,233,0.442,46,52,0.885,33,121,2.8,3.4,42,0.1,62,48,9.5,642,3.05,0.68,28.0,0.636,14763636.0
203110,193,Draymond Green,1610612744,GSW,56,1632,182,423,0.43,66,201,0.328,90,132,0.682,62,283,6.2,5.7,81,1.1,141,177,9.3,904,2.28,0.57,35.0,0.54,27586224.0
202695,194,Kawhi Leonard,1610612746,LAC,26,781,200,420,0.476,52,133,0.391,57,75,0.76,26,111,5.3,2.9,40,0.5,54,40,19.6,482,1.41,0.74,33.0,0.562,45640084.0
201144,195,Mike Conley,1610612750,MIN,60,1495,161,400,0.403,113,270,0.419,72,79,0.911,28,126,2.6,4.4,71,0.2,63,94,8.4,700,4.22,1.13,37.0,0.583,24360000.0
1628976,196,Wendell Carter Jr.,1610612753,ORL,57,1471,182,402,0.453,27,127,0.213,114,154,0.74,123,298,7.4,2.1,41,0.5,64,170,8.9,792,1.88,0.64,25.0,0.538,
1641744,196,Zach Edey,1610612763,MEM,55,1138,210,366,0.574,16,45,0.356,69,97,0.711,194,228,7.7,0.9,29,1.3,72,145,9.2,818,0.68,0.4,22.0,0.618,
1628449,198,Chris Boucher,1610612761,TOR,50,862,182,370,0.492,70,193,0.363,68,87,0.782,70,154,4.5,0.7,24,0.5,29,68,10.0,572,1.14,0.83,32.0,0.615,11750000.0
1641824,199,Matas Buzelis,1610612741,CHI,68,1171,185,429,0.431,66,206,0.32,63,74,0.851,44,168,3.1,0.8,18,0.9,54,110,7.3,534,1.04,0.33,20.0,0.541,
1631170,200,Jaime Jaquez Jr.,1610612748,MIA,57,1248,181,410,0.441,31,104,0.298,102,135,0.756,73,187,4.6,2.5,56,0.2,88,76,8.7,618,1.65,0.64,24.0,0.527,
1631107,201,Nikola Jović,1610612748,MIA,46,1156,172,377,0.456,78,210,0.371,72,87,0.828,26,154,3.9,2.8,38,0.3,60,82,10.7,576,2.18,0.63,21.0,0.595,
1642268,202,Isaiah Collier,1610612762,UTA,62,1560,191,457,0.418,33,135,0.244,77,115,0.67,27,175,3.3,6.2,55,0.2,181,131,7.9,661,2.13,0.3,20.0,0.485,
203991,203,Clint Capela,1610612737,ATL,55,1176,218,390,0.559,0,1,0.0,52,97,0.536,174,295,8.5,1.1,34,1.0,47,106,8.9,842,1.32,0.72,30.0,0.564,20616000.0
1630193,204,Immanuel Quickley,1610612761,TOR,28,797,158,371,0.426,70,188,0.372,99,116,0.853,12,89,3.6,5.6,19,0.1,52,55,17.3,483,3.02,0.36,25.0,0.575,4171548.0
1641783,205,Tristan da Silva,1610612753,ORL,66,1497,180,432,0.417,73,218,0.335,51,59,0.864,67,156,3.4,1.5,29,0.2,52,86,7.3,541,1.94,0.56,23.0,0.528,
1641717,206,Cason Wallace,1610612760,OKC,59,1622,196,420,0.467,64,184,0.348,25,30,0.833,61,143,3.5,2.5,103,0.5,50,134,8.2,686,2.92,2.06,21.0,0.555,
1630208,207,Nick Richards,1610612756,PHX,49,1077,182,306,0.595,0,2,0.0,110,149,0.738,123,291,8.4,1.0,11,1.1,69,120,9.7,766,0.68,0.16,27.0,0.638,5000000.0
1630188,208,Jalen Smith,1610612741,CHI,57,869,168,363,0.463,68,205,0.332,65,79,0.823,79,239,5.6,1.0,15,0.7,34,89,8.2,655,1.62,0.44,25.0,0.59,5043773.0
1641733,209,Nick Smith Jr.,1610612766,CHA,50,1109,178,455,0.391,77,242,0.318,30,33,0.909,12,92,2.1,2.1,16,0.1,66,65,9.3,349,1.61,0.24,20.0,0.493,
1641709,210,Ausar Thompson,1610612765,DET,48,1040,194,350,0.554,9,37,0.243,63,105,0.6,90,148,5.0,2.2,83,0.6,70,133,9.6,645,1.5,1.19,22.0,0.581,
1630182,211,Josh Green,1610612766,CHA,63,1785,164,390,0.421,88,231,0.381,43,64,0.672,55,111,2.6,1.6,71,0.2,61,160,7.3,503,1.66,1.16,24.0,0.549,4765339.0
1631260,212,AJ Green,1610612749,MIL,62,1389,154,363,0.424,130,311,0.418,20,24,0.833,15,124,2.2,1.4,35,0.1,33,135,7.4,479,2.64,1.06,25.0,0.613,1761752.0
1629048,213,Goga Bitadze,1610612753,ORL,59,1260,189,300,0.63,3,23,0.13,75,119,0.63,145,262,6.9,1.9,41,1.5,65,131,7.7,889,1.77,0.63,25.0,0.647,2066585.0
1630573,213,Sam Hauser,1610612738,BOS,59,1232,162,368,0.44,126,315,0.4,6,6,1.0,39,145,3.1,0.9,33,0.2,20,72,7.7,510,2.65,1.65,27.0,0.615,1927896.0
203992,215,Bogdan Bogdanović,1610612746,LAC,41,1047,164,391,0.419,80,236,0.339,47,54,0.87,19,105,3.0,2.5,30,0.2,63,96,11.1,424,1.64,0.48,32.0,0.549,
203954,216,Joel Embiid,1610612755,PHI,19,574,140,315,0.444,23,77,0.299,149,169,0.882,36,119,8.2,4.5,14,0.9,62,42,23.8,467,1.37,0.23,31.0,0.58,46900000.0
1630172,217,Patrick Williams,1610612741,CHI,51,1304,160,423,0.378,75,218,0.344,55,76,0.724,37,161,3.9,2.0,39,0.6,68,71,8.8,464,1.47,0.57,23.0,0.493,9835881.0
1630527,218,Brandon Boston,1610612740,NOP,42,993,166,381,0.436,49,140,0.35,67,85,0.788,28,106,3.2,2.2,53,0.2,52,73,10.7,451,1.77,1.02,23.0,0.535,
1631212,218,Peyton Watson,1610612743,DEN,57,1345,163,344,0.474,41,112,0.366,81,117,0.692,41,144,3.2,1.5,45,1.2,51,101,7.9,564,1.63,0.88,22.0,0.566,2303520.0
201143,220,Al Horford,1610612738,BOS,53,1459,161,387,0.416,96,267,0.36,28,32,0.875,64,248,5.9,2.1,33,0.9,41,76,8.4,678,2.73,0.81,38.0,0.556,10000000.0
1642276,220,Kel'el Ware,1610612748,MIA,51,1065,190,345,0.551,29,93,0.312,37,53,0.698,83,256,6.6,0.9,32,1.1,48,83,8.7,698,0.94,0.67,20.0,0.605,
1630558,222,Davion Mitchell,1610612748,MIA,62,1634,167,366,0.456,65,168,0.387,43,64,0.672,27,103,2.1,4.6,52,0.2,108,152,7.1,593,2.63,0.48,26.0,0.561,5063640.0
1631213,222,Tyrese Martin,1610612751,BKN,52,1118,160,396,0.404,83,240,0.346,39,50,0.78,51,136,3.6,1.8,30,0.2,61,64,8.5,453,1.54,0.49,26.0,0.529,1719864.0
1630631,224,Jose Alvarado,1610612740,NOP,46,1100,155,386,0.402,91,242,0.376,40,50,0.8,20,87,2.3,4.6,61,0.2,53,78,9.6,538,4.0,1.15,26.0,0.54,1836096.0
1631222,225,Jake LaRavia,1610612758,SAC,63,1283,151,317,0.476,56,132,0.424,76,111,0.685,90,164,4.0,2.5,57,0.4,84,128,6.9,638,1.84,0.68,23.0,0.593,3199920.0
1641842,226,Ronald Holland II,1610612765,DET,70,1078,163,354,0.46,29,134,0.216,78,99,0.788,33,148,2.6,0.9,42,0.2,58,123,6.2,462,1.12,0.72,19.0,0.545,
1627827,227,Dorian Finney-Smith,1610612747,LAL,51,1449,155,350,0.443,96,242,0.397,26,41,0.634,71,132,4.0,1.4,46,0.3,44,112,8.5,513,1.59,1.04,31.0,0.587,13932008.0
1626166,228,Cameron Payne,1610612752,NYK,63,903,154,380,0.405,81,222,0.365,41,46,0.891,12,75,1.4,2.7,33,0.2,42,96,6.8,461,4.02,0.79,30.0,0.537,6500000.0
1630241,229,Sam Merrill,1610612739,CLE,60,1149,141,348,0.405,112,302,0.371,28,29,0.966,30,90,2.0,1.4,38,0.2,28,104,7.0,438,3.0,1.36,28.0,0.585,1997238.0
1630548,230,Johnny Juzang,1610612762,UTA,52,963,148,349,0.424,86,237,0.363,38,46,0.826,32,117,2.9,0.9,26,0.1,26,102,8.1,416,1.89,1.0,24.0,0.569,1761752.0
1630625,231,Dalano Banton,1610612757,POR,55,811,147,356,0.413,56,156,0.359,66,93,0.71,20,80,1.8,2.1,36,0.4,63,41,7.6,390,1.79,0.57,25.0,0.524,0.0
203114,232,Khris Middleton,1610612764,WAS,34,785,152,310,0.49,44,123,0.358,66,77,0.857,12,119,3.9,4.2,32,0.2,53,72,12.2,506,2.7,0.6,33.0,0.602,40396552.0
1642347,233,Jamal Shead,1610612761,TOR,64,1176,157,376,0.418,57,167,0.341,34,45,0.756,22,66,1.4,3.8,38,0.1,99,132,6.3,454,2.46,0.38,22.0,0.512,
1627742,234,Brandon Ingram,1610612761,TOR,18,595,155,333,0.465,43,115,0.374,47,55,0.855,17,83,5.6,5.2,16,0.6,69,45,22.2,365,1.35,0.23,27.0,0.56,33833400.0
1641741,235,Ricky Council IV,1610612755,PHI,60,939,134,342,0.392,45,162,0.278,84,102,0.824,38,105,2.4,1.2,28,0.2,36,52,6.6,389,2.0,0.78,23.0,0.513,
1641715,236,Cam Whitmore,1610612745,HOU,44,714,147,350,0.42,53,161,0.329,48,65,0.738,31,100,3.0,0.9,28,0.3,37,41,9.0,349,1.08,0.76,20.0,0.522,
1642346,236,Ryan Dunn,1610612756,PHX,62,1094,160,369,0.434,60,196,0.306,15,32,0.469,58,137,3.1,0.8,30,0.6,27,131,6.4,451,1.78,1.11,22.0,0.516,
1631323,238,Simone Fontecchio,1610612765,DET,63,1066,132,324,0.407,66,195,0.338,63,77,0.818,42,150,3.0,0.9,25,0.2,48,83,6.2,425,1.21,0.52,29.0,0.549,3044872.0
1630702,239,Jaden Hardy,1610612742,DAL,47,721,142,326,0.436,61,157,0.389,46,67,0.687,8,65,1.6,1.4,22,0.1,66,76,8.3,286,1.0,0.33,22.0,0.55,1719864.0
1641730,239,Noah Clowney,1610612751,BKN,42,948,124,337,0.368,81,238,0.34,62,74,0.838,39,121,3.8,0.8,22,0.5,40,94,9.3,362,0.85,0.55,20.0,0.529,
1629611,241,Terance Mann,1610612737,ATL,54,1124,153,317,0.483,47,127,0.37,37,56,0.661,53,105,2.9,1.9,34,0.3,38,102,7.2,477,2.66,0.9,28.0,0.571,10576923.0
1629021,242,Moritz Wagner,1610612753,ORL,30,564,140,249,0.562,27,75,0.36,79,110,0.718,40,108,4.9,1.4,24,0.4,49,55,12.9,423,0.86,0.49,27.0,0.649,0.0
1630549,243,Day'Ron Sharpe,1610612751,BKN,48,867,159,306,0.52,11,42,0.262,56,74,0.757,147,173,6.7,1.8,37,0.9,61,110,8.0,643,1.39,0.61,23.0,0.569,2210040.0
1629312,244,Haywood Highsmith,1610612748,MIA,61,1469,143,309,0.463,70,181,0.387,27,36,0.75,50,139,3.1,1.4,57,0.6,44,134,6.3,530,1.96,1.29,28.0,0.59,1902137.0
1630174,245,Aaron Nesmith,1610612754,IND,33,830,135,268,0.504,58,139,0.417,51,56,0.911,23,102,3.8,1.4,24,0.4,28,88,11.5,420,1.64,0.86,25.0,0.648,5634257.0
1629622,245,Max Strus,1610612739,CLE,40,1007,131,304,0.431,91,239,0.381,26,30,0.867,39,135,4.4,3.1,24,0.2,37,83,9.5,496,3.32,0.65,28.0,0.597,0.0
1630643,247,Jay Huff,1610612763,MEM,55,649,133,260,0.512,72,175,0.411,40,52,0.769,25,89,2.1,0.6,14,0.9,30,68,6.9,420,1.17,0.47,27.0,0.668,0.0
1630191,248,Isaiah Stewart,1610612765,DET,64,1262,152,274,0.555,13,44,0.295,59,78,0.756,121,236,5.6,1.7,24,1.4,60,158,5.9,750,1.77,0.4,23.0,0.61,5266713.0
1631218,249,Trayce Jackson-Davis,1610612744,GSW,54,921,161,282,0.571,0,1,0.0,53,90,0.589,111,181,5.4,1.8,22,0.7,41,69,6.9,626,2.42,0.54,25.0,0.583,
1629216,250,Gabe Vincent,1610612747,LAL,60,1280,138,346,0.399,86,245,0.351,12,18,0.667,14,57,1.2,1.5,43,0.2,36,127,6.2,339,2.47,1.19,28.0,0.528,0.0
1630551,251,Justin Champagnie,1610612764,WAS,48,927,141,287,0.491,52,138,0.377,39,53,0.736,77,162,5.0,1.0,46,0.6,39,84,7.8,535,1.18,1.18,23.0,0.601,1927896.0
1626168,252,Trey Lyles,1610612758,SAC,57,1057,128,306,0.418,68,195,0.349,46,64,0.719,62,198,4.6,1.2,33,0.4,33,69,6.5,523,2.06,1.0,29.0,0.554,0.0
1627739,253,Kris Dunn,1610612746,LAC,61,1460,151,355,0.425,53,177,0.299,11,18,0.611,49,162,3.5,3.0,110,0.4,63,161,6.0,620,2.9,1.75,31.0,0.504,2586484.0
1627780,254,Gary Payton II,1610612744,GSW,56,829,155,268,0.578,28,87,0.322,27,38,0.711,47,115,2.9,1.3,44,0.3,33,97,6.5,505,2.24,1.33,32.0,0.641,8715000.0
1630215,255,Jared Butler,1610612755,PHI,47,683,135,299,0.452,32,102,0.314,59,72,0.819,18,61,1.7,3.2,22,0.2,51,67,7.7,394,2.94,0.43,24.0,0.546,0.0
1628418,256,Thomas Bryant,1610612754,IND,53,800,138,268,0.515,40,119,0.336,40,49,0.816,72,143,4.1,0.9,22,0.6,27,64,6.7,510,1.85,0.81,27.0,0.615,0.0
1642272,257,Jared McCain,1610612755,PHI,23,592,126,274,0.46,51,133,0.383,49,56,0.875,13,43,2.4,2.6,15,0.0,37,37,15.3,291,1.62,0.41,21.0,0.589,
1631096,258,Chet Holmgren,1610612760,OKC,23,622,123,245,0.502,31,85,0.365,73,99,0.737,40,155,8.5,1.9,17,2.5,40,48,15.2,474,1.07,0.42,22.0,0.606,10386000.0
203552,259,Seth Curry,1610612766,CHA,58,857,129,277,0.466,68,150,0.453,23,28,0.821,23,70,1.6,0.8,25,0.1,25,52,6.0,340,1.76,1.0,34.0,0.603,0.0
1641716,260,Jarace Walker,1610612754,IND,62,956,127,279,0.455,52,142,0.366,40,62,0.645,22,155,2.9,1.3,48,0.3,66,94,5.6,435,1.26,0.73,21.0,0.565,
1642266,261,Ja'Kobe Walter,1610612761,TOR,44,879,125,309,0.405,44,141,0.312,50,67,0.746,43,83,2.9,1.3,31,0.2,40,81,7.8,324,1.4,0.78,20.0,0.508,
1629726,262,Garrison Mathews,1610612737,ATL,45,786,98,245,0.4,82,208,0.394,63,77,0.818,13,70,1.8,1.3,26,0.3,29,77,7.6,332,2.0,0.9,28.0,0.611,2000000.0
1642270,263,Donovan Clingan,1610612757,POR,56,1027,141,259,0.544,9,32,0.281,49,81,0.605,169,250,7.5,1.0,25,1.6,65,155,6.1,717,0.86,0.39,21.0,0.577,
1628371,264,Jonathan Isaac,1610612753,ORL,61,958,120,293,0.41,38,142,0.268,61,91,0.67,104,173,4.5,0.5,53,1.1,26,81,5.6,538,1.15,2.04,27.0,0.509,17400000.0
1630200,265,Tre Jones,1610612741,CHI,46,905,128,238,0.538,19,48,0.396,55,67,0.821,31,85,2.5,4.2,37,0.2,35,55,7.2,528,5.49,1.06,25.0,0.617,0.0
1628380,266,Zach Collins,1610612741,CHI,52,787,121,245,0.494,26,88,0.295,61,69,0.884,82,140,4.3,1.6,26,0.5,46,111,6.3,510,1.85,0.56,27.0,0.597,7700000.0
1629026,267,Kenrich Williams,1610612760,OKC,56,853,126,261,0.483,50,132,0.379,21,26,0.808,52,136,3.4,1.2,34,0.1,30,87,5.8,452,2.3,1.13,30.0,0.593,6175000.0
203994,268,Jusuf Nurkić,1610612766,CHA,39,820,115,243,0.473,24,83,0.289,67,98,0.684,67,254,8.2,2.0,34,0.6,76,104,8.2,544,1.03,0.45,30.0,0.561,
1628436,269,Luke Kornet,1610612738,BOS,61,1095,132,198,0.667,0,2,0.0,56,80,0.7,144,160,5.0,1.6,31,1.0,27,97,5.2,693,3.56,1.15,29.0,0.686,2413304.0
1629750,270,Javonte Green,1610612739,CLE,56,1142,111,246,0.451,44,122,0.361,53,71,0.746,52,140,3.4,0.9,56,0.5,29,81,5.7,464,1.69,1.93,31.0,0.575,0.0
1628998,271,Cody Martin,1610612756,PHX,42,1012,121,283,0.428,41,131,0.313,35,50,0.7,44,145,4.5,2.3,49,0.7,45,81,7.6,457,2.11,1.09,29.0,0.521,7560000.0
1631217,272,Moussa Diabaté,1610612766,CHA,60,1075,130,223,0.583,0,4,0.0,55,93,0.591,169,213,6.4,0.8,39,0.6,51,96,5.2,642,1.0,0.77,23.0,0.597,
1641763,273,Julian Phillips,1610612741,CHI,68,969,108,249,0.434,44,134,0.328,54,70,0.771,62,84,2.1,0.5,33,0.3,24,94,4.6,362,1.33,1.38,21.0,0.561,
1642348,274,Justin Edwards,1610612755,PHI,35,868,120,265,0.453,51,146,0.349,21,29,0.724,34,72,3.0,1.5,31,0.3,32,78,8.9,327,1.59,0.97,21.0,0.562,
1630526,275,Jeremiah Robinson-Earl,1610612740,NOP,54,944,116,254,0.457,40,117,0.342,37,44,0.841,83,157,4.4,1.1,30,0.1,34,63,5.7,468,1.79,0.88,24.0,0.565,1900000.0
1641767,276,Ben Sheppard,1610612754,IND,55,1116,112,266,0.421,62,181,0.343,22,25,0.88,39,121,2.9,1.3,34,0.2,17,117,5.6,415,4.35,2.0,23.0,0.556,
1630249,277,Vít Krejčí,1610612737,ATL,44,917,108,239,0.452,66,167,0.395,24,35,0.686,16,100,2.6,2.6,31,0.5,40,84,7.0,409,2.88,0.78,24.0,0.601,
1626172,278,Kevon Looney,1610612744,GSW,64,980,129,250,0.516,0,3,0.0,47,86,0.547,167,239,6.3,1.6,41,0.5,37,139,4.8,689,2.78,1.11,29.0,0.53,8500000.0
1627763,278,Malcolm Brogdon,1610612764,WAS,24,564,104,240,0.433,16,56,0.286,81,92,0.88,21,70,3.8,4.1,13,0.2,38,30,12.7,327,2.58,0.34,32.0,0.544,22500000.0
203486,278,Mason Plumlee,1610612756,PHX,68,1205,116,189,0.614,0,3,0.0,73,113,0.646,109,316,6.2,1.8,30,0.6,54,145,4.5,757,2.24,0.56,35.0,0.639,0.0
1628997,281,Caleb Martin,1610612742,DAL,36,1039,110,255,0.431,34,93,0.366,50,80,0.625,45,103,4.1,2.2,37,0.6,47,69,8.4,369,1.7,0.79,29.0,0.524,6802950.0
1629637,282,Jaxson Hayes,1610612747,LAL,44,864,123,171,0.719,0,3,0.0,54,79,0.684,62,149,4.8,1.2,26,1.0,34,103,6.8,525,1.5,0.77,24.0,0.729,9170460.0
203482,283,Kelly Olynyk,1610612740,NOP,36,695,107,213,0.502,28,67,0.418,57,73,0.781,47,120,4.6,2.7,24,0.4,56,97,8.3,424,1.73,0.43,33.0,0.61,12195122.0
1642419,284,Jamison Battle,1610612761,TOR,47,707,105,241,0.436,74,182,0.407,12,14,0.857,28,76,2.2,0.8,7,0.2,17,65,6.3,298,2.23,0.41,23.0,0.599,
1629003,285,Shake Milton,1610612747,LAL,52,779,108,234,0.462,37,101,0.366,42,53,0.792,30,69,1.9,1.9,23,0.1,37,65,5.7,344,2.65,0.62,28.0,0.573,0.0
1630570,285,Trendon Watford,1610612751,BKN,32,602,107,236,0.453,19,62,0.306,62,80,0.775,24,81,3.3,2.3,22,0.2,55,71,9.2,303,1.36,0.4,24.0,0.544,1836096.0
203083,287,Andre Drummond,1610612755,PHI,40,751,117,234,0.5,3,20,0.15,56,90,0.622,109,201,7.8,0.8,39,0.4,55,94,7.3,488,0.62,0.71,31.0,0.535,3360000.0
1641726,288,Dereck Lively II,1610612742,DAL,32,768,124,177,0.701,0,0,0.0,44,69,0.638,99,152,7.8,2.6,17,1.7,39,94,9.1,581,2.15,0.44,21.0,0.704,
1630173,289,Precious Achiuwa,1610612752,NYK,46,951,125,243,0.514,9,32,0.281,32,53,0.604,89,171,5.7,1.0,37,0.7,34,67,6.3,491,1.29,1.09,25.0,0.546,4379526.0
1627936,290,Alex Caruso,1610612760,OKC,44,844,108,247,0.437,48,138,0.348,24,30,0.8,29,87,2.6,2.5,73,0.5,31,80,6.5,436,3.58,2.35,31.0,0.553,9460000.0
1628988,291,Aaron Holiday,1610612745,HOU,53,671,95,222,0.428,56,146,0.384,33,40,0.825,11,56,1.3,1.3,17,0.2,32,56,5.3,272,2.09,0.53,28.0,0.582,0.0
1631204,292,Marcus Sasser,1610612765,DET,49,646,104,225,0.462,44,120,0.367,26,31,0.839,15,40,1.1,2.2,29,0.1,41,61,5.7,306,2.61,0.71,24.0,0.582,
1642366,293,Quinten Post,1610612744,GSW,32,529,101,216,0.468,59,137,0.431,15,19,0.789,31,92,3.8,1.4,15,0.5,26,67,8.6,331,1.77,0.58,25.0,0.615,
1629659,294,Talen Horton-Tucker,1610612741,CHI,49,551,98,222,0.441,35,96,0.365,39,57,0.684,15,69,1.7,1.3,17,0.2,33,49,5.5,270,1.94,0.52,24.0,0.546,11020000.0
1629674,295,Neemias Queta,1610612738,BOS,53,762,114,177,0.644,0,3,0.0,41,55,0.745,77,130,3.9,0.6,15,0.7,36,97,5.1,447,0.94,0.42,25.0,0.668,1761752.0
203995,295,Vasilije Micić,1610612756,PHX,38,771,95,273,0.348,45,125,0.36,34,41,0.829,20,69,2.3,3.3,15,0.0,74,44,7.1,241,1.72,0.2,31.0,0.462,
1642367,297,Jonathan Mogbo,1610612761,TOR,51,932,104,236,0.441,14,47,0.298,46,65,0.708,80,133,4.2,1.7,38,0.5,47,103,5.3,432,1.83,0.81,23.0,0.506,
1629731,298,Dean Wade,1610612739,CLE,49,1055,94,229,0.41,66,187,0.353,13,25,0.52,47,181,4.7,1.4,38,0.3,19,91,5.4,451,3.53,2.0,28.0,0.556,5709877.0
1628366,298,Lonzo Ball,1610612741,CHI,35,777,89,243,0.366,67,195,0.344,22,27,0.815,25,93,3.4,3.3,47,0.5,41,55,7.6,364,2.81,1.15,27.0,0.524,20465117.0
201569,300,Eric Gordon,1610612755,PHI,39,769,87,204,0.426,56,137,0.409,36,48,0.75,8,38,1.2,1.7,26,0.3,28,32,6.8,258,2.32,0.93,36.0,0.591,20917902.0
1630572,301,Sandro Mamukelashvili,1610612759,SAS,47,430,96,178,0.539,45,105,0.429,28,38,0.737,38,83,2.6,0.6,18,0.3,15,40,5.6,339,1.93,1.2,25.0,0.68,0.0
1631207,302,Dalen Terry,1610612741,CHI,63,787,96,207,0.464,27,77,0.351,45,65,0.692,32,63,1.5,1.2,34,0.2,43,92,4.2,309,1.77,0.79,22.0,0.56,3350760.0
203935,303,Marcus Smart,1610612764,WAS,29,592,87,227,0.383,42,127,0.331,47,59,0.797,17,44,2.1,3.5,33,0.3,48,49,9.1,266,2.1,0.69,31.0,0.52,18583713.0
1629004,304,Svi Mykhailiuk,1610612762,UTA,28,564,93,239,0.389,56,163,0.344,19,24,0.792,15,53,2.4,1.9,16,0.2,43,37,9.3,211,1.26,0.37,27.0,0.523,
201587,305,Nicolas Batum,1610612746,LAC,67,1208,86,208,0.413,72,175,0.411,15,18,0.833,44,149,2.9,1.2,45,0.5,30,98,3.9,452,2.63,1.5,36.0,0.6,11710818.0
203937,306,Kyle Anderson,1610612748,MIA,50,746,101,224,0.451,22,60,0.367,34,48,0.708,42,114,3.1,2.2,31,0.5,28,61,5.2,414,3.93,1.11,31.0,0.526,9219512.0
1629234,307,Drew Eubanks,1610612746,LAC,50,685,105,177,0.593,3,6,0.5,44,67,0.657,55,149,4.1,1.0,11,0.7,36,56,5.1,427,1.39,0.31,28.0,0.622,0.0
1642275,308,Tidjane Salaün,1610612766,CHA,48,915,81,254,0.319,44,152,0.289,46,64,0.719,56,146,4.2,1.1,26,0.2,44,58,5.2,309,1.18,0.59,19.0,0.447,
1628971,309,Bruce Brown,1610612740,NOP,33,700,95,233,0.408,19,64,0.297,42,50,0.84,34,90,3.8,2.0,28,0.1,32,55,7.6,295,2.06,0.88,28.0,0.492,6802950.0
1627732,310,Ben Simmons,1610612746,LAC,41,975,108,202,0.535,0,0,0.0,24,33,0.727,39,165,5.0,6.4,36,0.5,91,94,5.9,569,2.89,0.4,28.0,0.554,37893408.0
1630231,311,KJ Martin,1610612762,UTA,37,785,96,166,0.578,14,44,0.318,33,43,0.767,29,84,3.1,1.0,16,0.6,22,91,6.5,324,1.64,0.73,24.0,0.646,1930681.0
1630171,312,Isaac Okoro,1610612739,CLE,43,809,87,196,0.444,43,115,0.374,21,31,0.677,37,57,2.2,1.3,25,0.4,21,83,5.5,290,2.71,1.19,24.0,0.568,8920794.0
1631133,313,Jabari Walker,1610612757,POR,50,591,89,176,0.506,23,60,0.383,34,52,0.654,48,127,3.5,0.6,28,0.1,24,73,4.7,346,1.29,1.17,22.0,0.591,1719864.0
1631200,313,Kris Murray,1610612757,POR,58,829,97,220,0.441,22,91,0.242,19,46,0.413,61,84,2.5,0.9,31,0.2,34,52,4.1,289,1.47,0.91,24.0,0.489,
202692,315,Alec Burks,1610612748,MIA,37,652,73,181,0.403,55,133,0.414,32,42,0.762,13,87,2.7,1.2,22,0.2,16,26,6.3,270,2.69,1.38,33.0,0.584,10489600.0
1629626,316,Bol Bol,1610612756,PHX,32,426,90,175,0.514,29,88,0.33,20,26,0.769,19,83,3.2,0.6,8,0.8,18,20,7.2,274,1.11,0.44,25.0,0.614,2200000.0
1641724,317,Jett Howard,1610612753,ORL,55,618,82,230,0.357,49,166,0.295,15,20,0.75,20,45,1.2,0.7,13,0.2,27,57,4.1,177,1.52,0.48,21.0,0.477,
1630322,318,Lindy Waters III,1610612765,DET,46,693,82,221,0.371,54,162,0.333,8,11,0.727,17,82,2.2,1.0,25,0.2,20,58,4.9,244,2.3,1.25,27.0,0.5,1927896.0
1629006,319,Josh Okogie,1610612766,CHA,32,499,79,167,0.473,25,65,0.385,37,51,0.725,41,55,3.0,0.8,40,0.5,25,39,6.9,268,0.96,1.6,26.0,0.581,0.0
1642349,320,Ajay Mitchell,1610612760,OKC,34,561,84,166,0.506,22,51,0.431,28,33,0.848,17,50,2.0,1.7,24,0.1,28,59,6.4,254,2.04,0.86,22.0,0.604,
1631157,320,Ryan Rollins,1610612749,MIL,44,531,83,183,0.454,29,81,0.358,23,27,0.852,18,55,1.7,1.3,31,0.4,36,60,5.0,255,1.58,0.86,22.0,0.559,1719864.0
1641748,322,Andre Jackson Jr.,1610612749,MIL,60,915,87,185,0.47,29,74,0.392,11,20,0.55,61,111,2.9,1.3,33,0.2,53,109,3.6,349,1.45,0.62,23.0,0.552,
1631119,323,Jaylin Williams,1610612760,OKC,39,655,76,184,0.413,45,128,0.352,16,21,0.762,44,176,5.6,2.5,18,0.6,28,66,5.5,433,3.5,0.64,22.0,0.551,2000000.0
1630288,323,Jeff Dowtin Jr.,1610612755,PHI,36,487,85,175,0.486,22,53,0.415,21,30,0.7,10,44,1.5,1.8,16,0.2,10,22,5.9,244,6.4,1.6,27.0,0.566,
1642265,323,Rob Dillingham,1610612750,MIN,42,495,90,203,0.443,25,72,0.347,8,15,0.533,12,37,1.2,2.2,18,0.0,50,36,5.1,205,1.88,0.36,20.0,0.508,
1629610,326,DaQuan Jeffries,1610612766,CHA,34,737,79,193,0.409,36,112,0.321,17,21,0.81,29,66,2.8,1.1,19,0.6,23,75,6.2,240,1.61,0.83,27.0,0.522,2066585.0
1642262,327,Cody Williams,1610612762,UTA,45,944,74,221,0.335,32,115,0.278,29,40,0.725,27,80,2.4,1.2,21,0.3,42,84,4.6,206,1.31,0.5,20.0,0.438,
1626158,328,Richaun Holmes,1610612764,WAS,27,486,81,123,0.659,0,3,0.0,45,54,0.833,55,104,5.9,1.4,8,0.8,21,44,7.7,362,1.86,0.38,31.0,0.705,12046020.0
1628420,329,Monté Morris,1610612756,PHX,41,527,73,176,0.415,26,77,0.338,34,40,0.85,10,48,1.4,1.6,18,0.1,17,21,5.0,225,3.88,1.06,29.0,0.532,
1630529,330,Herbert Jones,1610612740,NOP,20,648,75,172,0.436,22,72,0.306,33,40,0.825,22,56,3.9,3.2,37,0.4,35,66,10.2,255,1.86,1.06,26.0,0.541,
1626204,331,Larry Nance Jr.,1610612737,ATL,24,463,80,155,0.516,34,76,0.447,9,13,0.692,23,80,4.3,1.6,20,0.5,16,37,8.5,282,2.38,1.25,32.0,0.632,
1631115,331,Orlando Robinson,1610612761,TOR,34,540,76,176,0.432,8,31,0.258,43,54,0.796,61,90,4.4,1.6,14,0.4,35,63,6.0,291,1.6,0.4,24.0,0.508,1761752.0
1631255,333,Karlo Matković,1610612740,NOP,32,576,82,148,0.554,13,40,0.325,25,31,0.806,51,100,4.7,0.9,15,1.0,33,74,6.3,326,0.91,0.46,23.0,0.625,
1641765,334,Olivier-Maxence Prosper,1610612742,DAL,52,584,70,174,0.402,12,51,0.235,49,76,0.645,44,82,2.4,0.8,26,0.1,14,28,3.9,254,2.86,1.86,22.0,0.484,
1641787,335,Tosan Evbuomwan,1610612751,BKN,21,501,71,164,0.433,16,55,0.291,40,53,0.755,25,60,4.0,1.6,16,0.3,31,39,9.4,202,1.06,0.52,24.0,0.529,
1641713,336,GG Jackson,1610612763,MEM,25,406,69,176,0.392,30,89,0.337,28,38,0.737,24,57,3.2,1.0,10,0.2,28,27,7.8,173,0.93,0.36,20.0,0.509,
1630611,337,Gui Santos,1610612744,GSW,45,620,69,143,0.483,30,81,0.37,24,34,0.706,53,90,3.2,1.4,18,0.2,36,75,4.3,305,1.75,0.5,22.0,0.608,
1630314,338,Brandon Williams,1610612742,DAL,26,350,67,130,0.515,19,50,0.38,35,41,0.854,6,34,1.5,2.0,15,0.1,23,22,7.2,206,2.26,0.65,25.0,0.635,
1641737,339,Adem Bona,1610612755,PHI,47,585,71,104,0.683,0,0,0.0,45,66,0.682,60,95,3.3,0.3,14,0.9,34,91,4.0,325,0.47,0.41,21.0,0.703,
1630544,340,Tre Mann,1610612766,CHA,13,319,70,161,0.435,24,60,0.4,19,21,0.905,12,26,2.9,3.0,7,0.3,25,24,14.1,153,1.56,0.28,24.0,0.537,3191400.0
1641796,341,Pelle Larsson,1610612748,MIA,46,592,64,147,0.435,23,73,0.315,29,43,0.674,18,48,1.4,0.9,18,0.1,16,77,3.9,198,2.69,1.13,24.0,0.542,
1642345,342,Oso Ighodaro,1610612756,PHX,49,739,78,128,0.609,0,2,0.0,23,41,0.561,44,121,3.4,1.0,20,0.4,29,78,3.7,339,1.76,0.69,22.0,0.613,
203500,343,Steven Adams,1610612745,HOU,50,641,71,136,0.522,0,1,0.0,34,79,0.43,134,130,5.3,1.2,18,0.4,47,47,3.5,383,1.28,0.38,31.0,0.515,12600000.0
1642263,344,Reed Sheppard,1610612745,HOU,45,536,65,196,0.332,31,111,0.279,13,16,0.813,16,47,1.4,1.2,28,0.3,28,42,3.9,172,1.93,1.0,20.0,0.428,
1630556,345,Kessler Edwards,1610612742,DAL,39,590,67,135,0.496,22,54,0.407,12,13,0.923,22,89,2.8,1.1,19,0.5,16,61,4.3,275,2.63,1.19,24.0,0.597,1927896.0
1630256,346,Jae'Sean Tate,1610612745,HOU,47,531,62,135,0.459,12,38,0.316,31,45,0.689,47,62,2.3,0.9,24,0.1,19,77,3.6,240,2.1,1.26,29.0,0.539,6500000.0
1629684,347,Grant Williams,1610612766,CHA,16,479,54,123,0.439,27,74,0.365,31,37,0.838,18,64,5.1,2.3,18,0.8,28,46,10.4,213,1.32,0.64,26.0,0.596,6235494.0
203957,348,Danté Exum,1610612742,DAL,18,344,60,125,0.48,21,47,0.447,23,31,0.742,4,26,1.7,2.8,12,0.2,19,31,9.1,167,2.63,0.63,29.0,0.591,
1642354,348,KJ Simpson,1610612766,CHA,23,470,59,176,0.335,16,74,0.216,30,37,0.811,28,38,2.9,2.6,19,0.2,32,35,7.1,157,1.88,0.59,22.0,0.426,
1628464,350,Daniel Theis,1610612740,NOP,38,621,61,129,0.473,9,37,0.243,31,37,0.838,44,120,4.3,1.6,18,0.5,25,70,4.3,325,2.4,0.72,32.0,0.558,9108386.0
1641774,350,Tristan Vukcevic,1610612764,WAS,23,256,60,121,0.496,19,59,0.322,23,31,0.742,16,57,3.2,0.9,7,0.5,19,31,7.0,186,1.05,0.37,22.0,0.602,
1629646,352,Charles Bassey,1610612759,SAS,34,363,68,116,0.586,0,0,0.0,21,33,0.636,56,95,4.4,0.5,14,0.9,23,47,4.6,285,0.74,0.61,24.0,0.601,2600000.0
1630194,353,Paul Reed,1610612765,DET,38,350,61,114,0.535,7,22,0.318,27,34,0.794,35,64,2.6,0.9,36,0.5,20,57,4.1,266,1.8,1.8,25.0,0.605,0.0
1630192,353,Zeke Nnaji,1610612743,DEN,49,507,61,122,0.5,13,42,0.31,21,34,0.618,30,51,1.7,0.3,17,0.6,12,55,3.2,215,1.33,1.42,24.0,0.57,4306281.0
201599,355,DeAndre Jordan,1610612743,DEN,46,528,69,106,0.651,0,0,0.0,15,37,0.405,64,150,4.7,0.8,12,0.4,33,56,3.3,343,1.09,0.36,36.0,0.626,0.0
1630811,356,Keaton Wallace,1610612737,ATL,28,454,57,138,0.413,26,73,0.356,11,11,1.0,7,31,1.4,2.2,22,0.3,29,36,5.4,171,2.14,0.76,26.0,0.529,0.0
1641757,357,Jordan Miller,1610612746,LAC,34,411,57,131,0.435,8,37,0.216,26,33,0.788,23,35,1.7,1.0,17,0.1,24,25,4.4,157,1.42,0.71,25.0,0.509,
1631103,357,Malaki Branham,1610612759,SAS,38,311,53,121,0.438,24,59,0.407,18,22,0.818,3,35,1.0,0.7,8,0.1,29,17,3.9,122,0.93,0.28,21.0,0.566,3071880.0
1630538,359,Bones Hyland,1610612750,MIN,21,229,46,117,0.393,31,81,0.383,23,26,0.885,5,19,1.1,1.4,18,0.2,24,27,7.0,123,1.21,0.75,24.0,0.568,2306400.0
1631216,359,Caleb Houstan,1610612753,ORL,46,527,47,128,0.367,39,110,0.355,13,14,0.929,13,29,0.9,0.4,12,0.1,6,45,3.2,133,3.0,2.0,22.0,0.544,2000000.0
1641871,359,Duop Reath,1610612757,POR,38,338,51,126,0.405,28,87,0.322,16,18,0.889,28,39,1.8,0.5,9,0.3,13,31,3.8,164,1.46,0.69,28.0,0.545,
1629013,362,Landry Shamet,1610612752,NYK,37,482,57,129,0.442,25,76,0.329,5,9,0.556,6,32,1.0,0.5,19,0.1,16,34,3.9,128,1.06,1.19,28.0,0.542,10250000.0
1629111,363,Jock Landale,1610612745,HOU,36,383,56,116,0.483,7,17,0.412,24,35,0.686,46,65,3.1,0.8,7,0.2,16,38,4.0,211,1.75,0.44,29.0,0.544,0.0
1631172,364,Ousmane Dieng,1610612760,OKC,37,405,54,125,0.432,23,71,0.324,11,16,0.688,18,63,2.2,0.8,17,0.2,18,33,3.8,184,1.72,0.94,21.0,0.538,4798440.0
1631223,365,David Roddy,1610612745,HOU,30,375,52,112,0.464,18,54,0.333,18,22,0.818,13,66,2.6,1.1,14,0.3,21,19,4.7,189,1.57,0.67,23.0,0.575,2718240.0
1628964,366,Mo Bamba,1610612740,NOP,32,413,52,112,0.464,15,54,0.278,19,27,0.704,32,113,4.5,0.6,9,1.0,20,56,4.3,253,0.9,0.45,26.0,0.557,10300000.0
1630545,366,Terrence Shannon Jr.,1610612750,MIN,29,324,55,112,0.491,11,30,0.367,17,21,0.81,10,36,1.6,1.0,7,0.2,14,25,4.8,150,2.07,0.5,24.0,0.569,
1641810,368,Antonio Reeves,1610612740,NOP,32,340,51,123,0.415,24,67,0.358,11,13,0.846,14,22,1.1,0.7,11,0.1,16,16,4.3,119,1.44,0.69,22.0,0.532,
1626192,368,Pat Connaughton,1610612749,MIL,33,471,51,120,0.425,20,64,0.313,15,19,0.789,17,67,2.5,1.7,7,0.3,20,34,4.2,199,2.75,0.35,32.0,0.534,9423869.0
1630639,370,A.J. Lawson,1610612761,TOR,15,277,46,116,0.397,23,65,0.354,21,32,0.656,12,36,3.2,0.9,4,0.1,8,27,9.1,115,1.75,0.5,24.0,0.523,
202704,370,Reggie Jackson,1610612755,PHI,31,384,52,133,0.391,25,74,0.338,7,9,0.778,8,34,1.4,1.5,16,0.1,17,34,4.4,142,2.65,0.94,34.0,0.496,0.0
1631104,372,Blake Wesley,1610612759,SAS,44,402,52,115,0.452,8,33,0.242,23,36,0.639,7,28,0.8,1.9,22,0.1,36,23,3.1,166,2.28,0.61,22.0,0.516,2504640.0
1629618,373,Jalen Pickett,1610612743,DEN,37,417,52,120,0.433,27,67,0.403,2,2,1.0,7,37,1.2,1.8,13,0.1,17,26,3.6,176,4.0,0.77,25.0,0.55,
201145,373,Jeff Green,1610612745,HOU,27,328,48,95,0.505,20,58,0.345,17,20,0.85,9,37,1.7,0.5,5,0.1,8,26,4.9,143,1.63,0.63,38.0,0.641,0.0
200768,373,Kyle Lowry,1610612755,PHI,33,623,39,111,0.351,28,83,0.337,27,33,0.818,11,54,2.0,2.8,31,0.3,20,61,4.0,234,4.65,1.55,38.0,0.53,29682540.0
1630695,376,Micah Potter,1610612762,UTA,32,560,45,107,0.421,28,80,0.35,14,16,0.875,35,97,4.1,0.8,11,0.3,25,41,4.1,222,1.0,0.44,26.0,0.579,547349.0
1641740,377,Jaylen Clark,1610612750,MIN,29,410,45,97,0.464,18,44,0.409,20,26,0.769,21,17,1.3,0.7,31,0.0,4,48,4.4,155,4.75,7.75,23.0,0.59,
1641854,378,Craig Porter Jr.,1610612739,CLE,44,379,50,92,0.543,15,33,0.455,12,17,0.706,11,37,1.1,1.3,13,0.3,25,17,2.9,185,2.24,0.52,25.0,0.638,
1631243,378,Mouhamed Gueye,1610612737,ATL,21,343,48,115,0.417,15,60,0.25,16,21,0.762,18,51,3.3,0.8,21,1.1,9,34,6.0,176,1.78,2.33,22.0,0.511,
1642281,380,Jaylon Tyson,1610612739,CLE,42,371,47,106,0.443,14,42,0.333,16,20,0.8,31,49,1.9,0.9,9,0.0,19,43,3.0,171,2.0,0.47,22.0,0.54,
201567,381,Kevin Love,1610612748,MIA,22,246,41,115,0.357,24,67,0.358,16,23,0.696,22,72,4.3,1.0,15,0.2,14,20,5.5,162,1.57,1.07,36.0,0.488,0.0
1631245,381,Quenton Jackson,1610612754,IND,23,305,46,94,0.489,11,29,0.379,19,25,0.76,12,23,1.5,1.7,13,0.2,14,39,5.3,147,2.86,0.93,26.0,0.581,547349.0
1630243,383,Trevelin Queen,1610612753,ORL,28,386,45,128,0.352,16,66,0.242,15,17,0.882,22,23,1.6,1.2,27,0.4,21,37,4.3,130,1.57,1.29,28.0,0.447,0.0
1631209,384,Isaiah Wong,1610612766,CHA,20,266,41,105,0.39,13,33,0.394,25,34,0.735,14,18,1.6,1.4,11,0.0,18,21,6.0,100,1.56,0.61,24.0,0.5,
1630568,384,Luka Garza,1610612750,MIN,33,202,45,98,0.459,9,35,0.257,21,31,0.677,31,20,1.5,0.3,6,0.1,11,28,3.6,116,0.91,0.55,26.0,0.537,1761752.0
1631246,384,Vince Williams Jr.,1610612763,MEM,18,331,45,113,0.398,15,61,0.246,15,20,0.75,15,48,3.5,2.0,11,0.3,24,32,6.7,138,1.5,0.46,24.0,0.493,
1631111,387,Wendell Moore Jr.,1610612766,CHA,31,396,46,98,0.469,9,29,0.31,18,22,0.818,25,54,2.5,1.2,14,0.1,18,27,3.8,178,2.0,0.78,23.0,0.553,
1629057,388,Robert Williams III,1610612757,POR,20,351,50,78,0.641,1,3,0.333,15,17,0.882,35,83,5.9,1.0,13,1.6,17,31,5.8,254,1.24,0.77,27.0,0.679,
1642403,389,Isaac Jones,1610612758,SAC,31,257,46,68,0.676,2,6,0.333,21,34,0.618,18,28,1.5,0.3,4,0.3,14,27,3.7,134,0.71,0.29,24.0,0.693,
1630692,389,Jordan Goodwin,1610612747,LAL,16,353,45,93,0.484,19,44,0.432,6,7,0.857,24,45,4.3,1.6,21,0.6,14,27,7.2,176,1.79,1.5,26.0,0.598,1927896.0
1642269,391,Devin Carter,1610612758,SAC,26,282,38,95,0.4,14,47,0.298,24,40,0.6,13,47,2.3,1.3,13,0.1,12,24,4.4,139,2.83,1.08,23.0,0.506,
203926,392,Doug McDermott,1610612758,SAC,36,286,38,91,0.418,33,78,0.423,3,5,0.6,2,16,0.5,0.1,4,0.1,6,27,3.1,79,0.67,0.67,33.0,0.601,13750000.0
1628975,393,Jevon Carter,1610612741,CHI,30,228,39,97,0.402,25,70,0.357,8,10,0.8,2,26,0.9,1.0,9,0.1,9,11,3.7,112,3.44,1.0,29.0,0.547,2239943.0
202709,394,Cory Joseph,1610612753,ORL,39,387,40,100,0.4,23,66,0.348,7,10,0.7,10,30,1.0,1.1,18,0.1,13,36,2.8,139,3.31,1.39,33.0,0.527,0.0
1641816,395,Hunter Tyson,1610612743,DEN,45,348,36,94,0.383,18,61,0.295,18,25,0.72,19,49,1.5,0.4,8,0.1,14,40,2.4,127,1.21,0.57,24.0,0.514,
1628963,396,Marvin Bagley III,1610612763,MEM,25,214,43,82,0.524,3,14,0.214,18,27,0.667,31,35,2.6,0.3,7,0.3,11,14,4.3,135,0.64,0.64,26.0,0.57,
1629020,397,Jarred Vanderbilt,1610612747,LAL,24,407,42,82,0.512,9,28,0.321,13,25,0.52,41,81,5.1,1.3,26,0.2,18,43,4.4,222,1.78,1.44,25.0,0.57,4698000.0
1629629,398,Cam Reddish,1610612747,LAL,33,589,38,94,0.404,13,47,0.277,16,26,0.615,17,49,2.0,0.7,33,0.3,12,43,3.2,158,1.83,2.75,25.0,0.498,8109966.0
203914,398,Gary Harris,1610612753,ORL,36,555,37,101,0.366,25,77,0.325,6,10,0.6,16,30,1.3,0.6,21,0.3,12,34,2.9,122,1.67,1.75,30.0,0.498,13000000.0
1628467,400,Maxi Kleber,1610612747,LAL,34,637,37,96,0.385,13,49,0.265,16,21,0.762,25,70,2.8,1.3,9,0.5,23,66,3.0,180,1.87,0.39,33.0,0.489,11000000.0
1630539,401,Kai Jones,1610612742,DAL,30,266,43,55,0.782,0,2,0.0,14,18,0.778,21,44,2.2,0.4,6,0.5,12,26,3.3,168,0.92,0.5,24.0,0.795,3047880.0
1630579,402,Jericho Sims,1610612749,MIL,53,631,45,71,0.634,0,0,0.0,8,13,0.615,71,126,3.7,0.6,10,0.4,33,65,1.8,293,1.0,0.3,26.0,0.639,1927896.0
1641794,403,Dillon Jones,1610612760,OKC,42,399,35,102,0.343,12,55,0.218,14,24,0.583,23,63,2.0,1.0,10,0.1,17,41,2.3,145,2.59,0.59,23.0,0.426,
1629723,404,John Konchar,1610612763,MEM,38,471,34,78,0.436,19,54,0.352,7,8,0.875,32,95,3.3,0.9,18,0.4,14,30,2.5,229,2.5,1.29,28.0,0.577,2400000.0
1630264,405,Anthony Gill,1610612764,WAS,44,279,31,60,0.517,8,22,0.364,23,37,0.622,8,32,0.9,0.3,6,0.0,9,24,2.1,102,1.44,0.67,32.0,0.61,1997238.0
1628470,405,Torrey Craig,1610612738,BOS,18,199,32,69,0.464,21,52,0.404,8,10,0.8,18,24,2.3,0.4,3,0.3,2,25,5.2,111,4.0,1.5,34.0,0.634,0.0
203939,407,Dwight Powell,1610612742,DAL,45,428,34,47,0.723,1,2,0.5,23,37,0.622,39,58,2.2,1.0,13,0.5,14,61,2.0,227,3.21,0.93,33.0,0.727,0.0
1641878,408,Damion Baugh,1610612766,CHA,11,287,35,100,0.35,10,44,0.227,11,13,0.846,8,26,3.1,3.9,14,0.1,21,18,8.3,95,2.05,0.67,24.0,0.43,
1631230,409,Dominick Barlow,1610612737,ATL,23,223,37,75,0.493,5,18,0.278,11,17,0.647,13,31,1.9,0.4,7,0.6,3,22,3.9,116,3.0,2.33,21.0,0.546,1761752.0
1631169,409,Josh Minott,1610612750,MIN,39,246,35,78,0.449,9,35,0.257,11,13,0.846,10,32,1.1,0.4,14,0.3,10,29,2.3,118,1.5,1.4,22.0,0.538,1719864.0
1631288,411,Jamal Cain,1610612740,NOP,27,308,30,77,0.39,14,45,0.311,15,24,0.625,20,35,2.0,0.6,13,0.3,12,28,3.3,112,1.33,1.08,26.0,0.508,1761752.0
201988,411,Patty Mills,1610612746,LAC,25,298,30,86,0.349,21,67,0.313,8,9,0.889,3,18,0.8,1.0,13,0.1,17,19,3.6,77,1.47,0.77,36.0,0.495,
1641712,411,Rayan Rupert,1610612757,POR,42,309,32,82,0.39,10,37,0.27,15,20,0.75,21,25,1.1,0.4,8,0.0,19,24,2.1,89,0.95,0.42,20.0,0.49,
1641998,414,Trey Jemison III,1610612747,LAL,32,354,38,70,0.543,0,0,0.0,12,31,0.387,38,54,2.9,0.4,8,0.4,18,64,2.8,147,0.78,0.44,25.0,0.526,
202687,415,Bismack Biyombo,1610612759,SAS,17,293,40,59,0.678,0,0,0.0,7,17,0.412,24,58,4.8,1.1,11,0.8,16,32,5.1,167,1.19,0.69,32.0,0.654,0.0
1630696,415,Dru Smith,1610612748,MIA,14,268,31,61,0.508,16,30,0.533,9,12,0.75,12,24,2.6,1.6,21,0.4,17,30,6.2,123,1.35,1.24,27.0,0.656,0.0
1631132,417,Christian Koloko,1610612747,LAL,34,318,38,62,0.613,0,3,0.0,8,10,0.8,32,50,2.4,0.5,7,0.3,12,41,2.5,162,1.33,0.58,24.0,0.633,1719864.0
1630311,418,Pat Spencer,1610612744,GSW,32,215,35,89,0.393,2,17,0.118,11,15,0.733,15,29,1.4,1.2,12,0.1,15,18,2.6,107,2.53,0.8,28.0,0.434,
1629022,419,Lonnie Walker IV,1610612755,PHI,10,192,28,80,0.35,16,49,0.327,10,12,0.833,4,29,3.3,1.9,4,0.3,11,7,8.2,76,1.73,0.36,26.0,0.481,
201959,419,Taj Gibson,1610612766,CHA,28,308,35,71,0.493,1,2,0.5,11,16,0.688,42,55,3.5,0.6,8,0.4,20,43,2.9,154,0.8,0.4,39.0,0.525,0.0
1631098,421,Johnny Davis,1610612764,WAS,34,242,32,78,0.41,7,29,0.241,9,15,0.6,10,28,1.1,0.3,15,0.2,7,18,2.4,91,1.57,2.14,23.0,0.473,5050800.0
1629650,422,Moses Brown,1610612742,DAL,13,119,34,49,0.694,0,0,0.0,8,11,0.727,12,32,3.4,0.2,6,0.3,11,17,5.8,103,0.18,0.55,25.0,0.706,0.0
1642285,423,Cam Spencer,1610612763,MEM,17,189,23,54,0.426,13,34,0.382,15,15,1.0,9,16,1.5,1.4,6,0.1,5,18,4.4,94,4.8,1.2,24.0,0.611,
1630658,423,Colin Castleton,1610612761,TOR,18,262,25,55,0.455,1,8,0.125,23,28,0.821,32,41,4.1,0.9,5,0.4,18,28,4.1,123,0.89,0.28,24.0,0.55,
1642382,425,Branden Carlson,1610612760,OKC,21,144,25,53,0.472,17,41,0.415,5,7,0.714,9,26,1.7,0.4,4,0.5,4,15,3.4,96,2.25,1.0,25.0,0.642,
1626153,425,Delon Wright,1610612752,NYK,31,425,24,85,0.282,13,51,0.255,11,20,0.55,16,33,1.6,1.6,24,0.3,15,17,2.3,121,3.4,1.6,32.0,0.384,8195122.0
1630531,425,Jaden Springer,1610612762,UTA,33,224,21,53,0.396,9,28,0.321,21,31,0.677,7,25,1.0,0.7,17,0.1,10,27,2.2,94,2.2,1.7,22.0,0.54,2226240.0
1631221,428,Collin Gillespie,1610612756,PHX,21,186,24,59,0.407,11,30,0.367,12,13,0.923,12,22,1.6,1.7,5,0.1,5,19,3.4,108,7.2,1.0,25.0,0.549,1761752.0
1631197,428,Jared Rhoden,1610612761,TOR,10,159,24,60,0.4,8,28,0.286,15,18,0.833,11,19,3.0,0.8,7,0.2,7,13,7.1,72,1.14,1.0,25.0,0.523,1761752.0
203458,430,Alex Len,1610612747,LAL,44,360,30,59,0.508,2,8,0.25,8,17,0.471,38,54,2.1,0.8,9,0.5,16,50,1.6,174,2.31,0.56,31.0,0.526,0.0
1629162,431,Jordan McLaughlin,1610612759,SAS,36,217,21,50,0.42,13,30,0.433,14,19,0.737,4,19,0.6,0.9,12,0.0,12,14,1.9,92,2.83,1.0,28.0,0.591,2320000.0
1630699,431,MarJon Beauchamp,1610612752,NYK,31,146,24,59,0.407,10,27,0.37,11,16,0.688,10,28,1.2,0.3,3,0.0,15,13,2.2,66,0.67,0.2,24.0,0.522,2609400.0
1641775,433,Jordan Walsh,1610612738,BOS,43,347,24,65,0.369,13,44,0.295,7,12,0.583,19,36,1.3,0.4,10,0.2,11,27,1.6,101,1.46,0.91,21.0,0.484,
1641738,433,Kobe Brown,1610612746,LAC,32,228,30,63,0.476,4,21,0.19,4,5,0.8,18,38,1.8,0.6,6,0.1,8,20,2.1,111,2.5,0.75,25.0,0.521,
1629669,435,Jaylen Nowell,1610612740,NOP,8,168,26,73,0.356,8,27,0.296,7,11,0.636,6,14,2.5,2.2,1,0.5,8,9,8.4,51,2.25,0.13,25.0,0.43,0.0
1642277,436,Johnny Furphy,1610612754,IND,41,273,23,63,0.365,11,36,0.306,9,9,1.0,17,31,1.2,0.2,14,0.2,9,29,1.6,97,1.11,1.56,20.0,0.493,
1642358,437,AJ Johnson,1610612764,WAS,15,178,24,57,0.421,7,25,0.28,7,9,0.778,2,20,1.5,2.1,6,0.1,13,12,4.1,75,2.46,0.46,20.0,0.509,
1629001,437,De'Anthony Melton,1610612751,BKN,6,121,22,54,0.407,13,35,0.371,5,8,0.625,6,14,3.3,2.8,7,0.3,10,18,10.3,63,1.7,0.7,26.0,0.539,8000000.0
1627814,439,Damion Lee,1610612756,PHX,18,109,19,54,0.352,6,27,0.222,16,17,0.941,2,12,0.8,0.5,4,0.0,8,5,3.3,43,1.13,0.5,32.0,0.488,0.0
1641736,439,Reece Beekman,1610612751,BKN,30,333,24,77,0.312,6,31,0.194,6,11,0.545,8,18,0.9,1.3,19,0.1,16,22,2.0,71,2.38,1.19,23.0,0.367,
1628981,441,Bruno Fernando,1610612761,TOR,17,147,26,49,0.531,0,0,0.0,6,8,0.75,21,30,3.0,1.1,4,0.5,14,27,3.4,101,1.29,0.29,26.0,0.552,2581522.0
1642278,442,Tyler Kolek,1610612752,NYK,33,159,20,52,0.385,11,30,0.367,6,6,1.0,2,13,0.5,0.7,7,0.0,9,13,1.7,63,2.67,0.78,23.0,0.522,
1630165,443,Killian Hayes,1610612751,BKN,6,162,18,43,0.419,8,21,0.381,10,12,0.833,5,13,3.0,5.2,4,0.7,9,13,9.0,75,3.44,0.44,23.0,0.559,7413955.0
203901,444,Elfrid Payton,1610612766,CHA,13,267,26,67,0.388,0,1,0.0,1,2,0.5,6,31,2.8,5.2,16,0.5,27,22,4.1,111,2.52,0.59,31.0,0.39,
1641723,444,Kobe Bufkin,1610612737,ATL,10,124,18,47,0.383,4,19,0.211,13,18,0.722,5,16,2.1,1.7,3,0.2,8,9,5.3,54,2.13,0.38,21.0,0.483,
1641732,446,Colby Jones,1610612764,WAS,27,183,21,41,0.512,8,16,0.5,2,3,0.667,11,20,1.1,0.5,9,0.3,9,17,1.9,83,1.44,1.0,22.0,0.614,
203967,446,Dario Šarić,1610612743,DEN,15,203,19,56,0.339,7,26,0.269,7,10,0.7,14,35,3.3,1.5,7,0.1,14,18,3.5,77,1.57,0.5,30.0,0.43,
1629011,448,Mitchell Robinson,1610612752,NYK,9,146,22,32,0.688,0,0,0.0,7,11,0.636,27,23,5.6,0.4,10,0.9,5,14,5.7,104,0.8,2.0,26.0,0.692,15681818.0
202684,448,Tristan Thompson,1610612739,CLE,35,252,23,54,0.426,0,3,0.0,5,22,0.227,23,72,2.7,0.6,1,0.2,11,30,1.5,118,2.0,0.09,34.0,0.4,0.0
1631248,450,Baylor Scheierman,1610612738,BOS,19,159,17,45,0.378,11,32,0.344,5,6,0.833,7,21,1.5,0.7,7,0.0,2,11,2.6,68,7.0,3.5,24.0,0.525,
1642355,450,Bronny James,1610612747,LAL,22,128,17,48,0.354,7,26,0.269,9,12,0.75,3,10,0.6,0.6,5,0.1,10,10,2.3,40,1.3,0.5,20.0,0.469,
1642024,452,Alex Reese,1610612755,PHI,10,140,17,36,0.472,10,27,0.37,5,7,0.714,6,24,3.0,0.2,7,0.8,5,15,4.9,70,0.4,1.4,25.0,0.627,
1630574,453,Ariel Hukporti,1610612752,NYK,25,217,21,31,0.677,0,0,0.0,6,13,0.462,14,37,2.0,0.4,1,0.6,21,32,1.9,88,0.52,0.05,22.0,0.654,
1631116,454,Patrick Baldwin Jr.,1610612746,LAC,22,101,17,33,0.515,11,21,0.524,2,4,0.5,5,17,1.0,0.1,3,0.1,5,5,2.1,53,0.4,0.6,22.0,0.676,
1641720,455,Jalen Hood-Schifino,1610612755,PHI,6,117,16,38,0.421,8,21,0.381,6,8,0.75,2,9,1.8,1.8,2,0.5,3,11,7.7,46,3.67,0.67,21.0,0.554,
1641721,455,Maxwell Lewis,1610612751,BKN,17,131,18,37,0.486,9,15,0.6,1,2,0.5,5,14,1.1,0.5,5,0.1,4,10,2.7,55,2.0,1.25,22.0,0.607,
1641890,457,Tyler Smith,1610612749,MIL,19,88,17,38,0.447,8,21,0.381,2,4,0.5,4,16,1.1,0.2,2,0.2,6,9,2.3,44,0.67,0.33,20.0,0.553,
202693,458,Markieff Morris,1610612747,LAL,13,125,15,58,0.259,8,33,0.242,5,6,0.833,3,16,1.5,1.1,1,0.2,3,12,3.3,32,4.67,0.33,35.0,0.355,0.0
1631131,458,Oscar Tshiebwe,1610612762,UTA,8,118,16,26,0.615,0,0,0.0,11,14,0.786,18,44,7.8,0.6,6,0.0,3,14,5.4,100,1.67,2.0,25.0,0.669,
1641809,460,Drew Peterson,1610612738,BOS,18,149,13,29,0.448,9,23,0.391,6,7,0.857,5,25,1.7,0.7,4,0.1,6,13,2.3,67,2.17,0.67,25.0,0.639,
1641745,461,Adam Flagler,1610612760,OKC,28,127,15,67,0.224,9,53,0.17,0,0,0.0,4,10,0.5,0.1,7,0.1,3,12,1.4,12,1.33,2.33,25.0,0.291,
1641727,461,Dariq Whitehead,1610612751,BKN,10,59,13,27,0.481,12,23,0.522,1,3,0.333,1,5,0.6,0.1,3,0.1,6,2,3.9,28,0.17,0.5,20.0,0.689,
1630550,461,JT Thor,1610612764,WAS,11,81,13,26,0.5,4,11,0.364,9,10,0.9,8,6,1.3,0.4,5,0.3,6,9,3.5,45,0.67,0.83,22.0,0.641,1836096.0
1631466,461,Nate Williams,1610612745,HOU,14,86,16,38,0.421,4,17,0.235,3,4,0.75,1,6,0.5,0.4,5,0.3,9,10,2.8,28,0.56,0.56,26.0,0.49,
1630205,465,Lamar Stevens,1610612763,MEM,9,97,13,32,0.406,5,15,0.333,7,9,0.778,3,26,3.2,0.6,4,0.3,6,10,4.2,52,0.83,0.67,27.0,0.528,1930681.0
1629052,465,Oshae Brissett,1610612755,PHI,4,111,15,30,0.5,5,14,0.357,3,8,0.375,7,10,4.2,1.0,4,0.8,8,11,9.5,38,0.5,0.5,26.0,0.567,0.0
1630537,467,Chris Duarte,1610612741,CHI,17,74,12,26,0.462,6,15,0.4,6,8,0.75,5,15,1.2,0.5,0,0.0,1,7,2.1,48,9.0,0.0,27.0,0.61,4124400.0
1630543,468,Isaiah Jackson,1610612754,IND,5,84,14,23,0.609,0,0,0.0,7,14,0.5,11,17,5.6,1.0,3,1.6,5,14,7.0,58,1.0,0.6,23.0,0.6,2696280.0
1642402,469,Enrique Freeman,1610612754,IND,20,139,12,25,0.48,1,6,0.167,9,15,0.6,6,13,1.0,0.4,2,0.1,5,18,1.7,41,1.6,0.4,24.0,0.538,
1641989,470,Elijah Harkless,1610612762,UTA,10,138,11,35,0.314,7,25,0.28,3,6,0.5,9,12,2.1,0.8,10,0.1,3,18,3.2,42,2.67,3.33,25.0,0.425,
202066,470,Garrett Temple,1610612761,TOR,24,179,9,41,0.22,5,20,0.25,9,10,0.9,5,19,1.0,1.1,14,0.1,10,23,1.3,55,2.6,1.4,38.0,0.352,5401000.0
1626196,470,Josh Richardson,1610612748,MIA,8,149,11,38,0.289,6,22,0.273,4,4,1.0,6,6,1.5,1.5,8,0.1,8,17,4.0,30,1.5,1.0,31.0,0.402,0.0
1628365,473,Markelle Fultz,1610612758,SAC,12,88,14,37,0.378,2,5,0.4,1,1,1.0,2,5,0.6,0.8,6,0.1,10,5,2.6,22,1.0,0.6,26.0,0.414,17000000.0
1631102,473,TyTy Washington Jr.,1610612756,PHX,13,103,12,39,0.308,4,20,0.2,3,4,0.75,4,8,0.9,1.2,3,0.0,3,4,2.4,30,5.0,1.0,23.0,0.38,
1641798,475,Jaylen Martin,1610612764,WAS,8,77,12,31,0.387,4,9,0.444,2,2,1.0,5,13,2.2,0.5,2,0.0,6,2,3.8,29,0.67,0.33,21.0,0.471,
1630214,475,Xavier Tillman,1610612738,BOS,29,207,12,46,0.261,5,27,0.185,1,2,0.5,9,29,1.3,0.2,9,0.2,12,16,1.0,42,0.58,0.75,26.0,0.32,1930681.0
1628995,477,Kevin Knox II,1610612744,GSW,7,51,11,24,0.458,3,11,0.273,3,4,0.75,6,5,1.6,0.6,1,0.6,1,5,4.0,33,4.0,1.0,25.0,0.543,
1630585,477,Marcus Garrett,1610612766,CHA,4,79,11,27,0.407,3,8,0.375,3,4,0.75,1,5,1.5,3.2,3,0.5,6,10,7.0,29,2.17,0.5,26.0,0.487,
1630346,477,Matt Ryan,1610612752,NYK,19,68,10,31,0.323,6,19,0.316,2,2,1.0,0,8,0.4,0.2,2,0.0,3,1,1.5,17,1.0,0.67,27.0,0.439,1761752.0
1642505,480,Alex Ducas,1610612760,OKC,18,90,9,24,0.375,8,17,0.471,0,0,0.0,6,13,1.1,0.2,3,0.0,3,7,1.4,33,1.0,1.0,24.0,0.542,
1642359,480,Pacôme Dadiet,1610612752,NYK,15,98,9,28,0.321,6,18,0.333,2,3,0.667,0,14,0.9,0.3,3,0.1,2,6,1.7,28,2.5,1.5,19.0,0.443,
1631342,482,Daeqwon Plowden,1610612737,ATL,2,33,8,10,0.8,6,8,0.75,2,2,1.0,3,2,2.5,0.0,0,0.0,1,5,12.0,26,0.0,0.0,26.0,1.103,
1641789,482,Jazian Gortman,1610612742,DAL,16,57,9,23,0.391,4,11,0.364,2,4,0.5,1,4,0.3,0.4,2,0.1,5,9,1.5,17,1.2,0.4,22.0,0.485,
1630283,482,Kylor Kelley,1610612742,DAL,8,67,10,13,0.769,0,0,0.0,4,6,0.667,8,13,2.6,0.2,0,0.2,1,8,3.0,43,2.0,0.0,27.0,0.767,
1642530,482,Yuki Kawamura,1610612763,MEM,20,63,8,22,0.364,4,16,0.25,4,6,0.667,0,7,0.4,0.7,1,0.0,4,7,1.2,26,3.5,0.25,23.0,0.487,
1630222,486,Mason Jones,1610612758,SAC,9,43,9,18,0.5,1,8,0.125,4,5,0.8,2,6,0.9,1.1,0,0.1,1,3,2.6,31,10.0,0.0,26.0,0.569,
1641790,487,PJ Hall,1610612743,DEN,17,57,9,17,0.529,1,6,0.167,3,4,0.75,5,14,1.1,0.2,0,0.2,2,10,1.3,38,2.0,0.0,23.0,0.586,
1631321,487,Sidy Cissoko,1610612757,POR,20,61,9,18,0.5,3,7,0.429,1,6,0.167,4,7,0.6,0.3,1,0.0,3,7,1.1,23,2.0,0.33,20.0,0.533,
1641753,489,Chris Livingston,1610612749,MIL,17,78,7,19,0.368,0,6,0.0,7,10,0.7,8,16,1.4,0.1,5,0.0,5,5,1.2,32,0.4,1.0,21.0,0.449,
1629643,489,Chuma Okeke,1610612755,PHI,4,72,8,12,0.667,5,9,0.556,0,0,0.0,11,12,5.8,1.0,2,0.2,1,1,5.2,46,4.0,2.0,26.0,0.875,5266712.0
1628396,489,Tony Bradley,1610612754,IND,7,35,10,12,0.833,1,1,1.0,0,2,0.0,7,6,1.9,0.4,1,0.4,3,2,3.0,34,1.0,0.33,27.0,0.815,0.0
203109,492,Jae Crowder,1610612758,SAC,7,92,6,17,0.353,3,12,0.25,5,6,0.833,6,11,2.4,0.6,3,0.0,4,10,2.9,28,1.0,0.75,34.0,0.509,0.0
1642461,492,Spencer Jones,1610612743,DEN,16,88,9,23,0.391,1,11,0.091,1,1,1.0,5,6,0.7,0.1,5,0.2,3,12,1.2,24,0.67,1.67,23.0,0.427,
1641725,494,Trey Alexander,1610612743,DEN,20,85,7,26,0.269,2,10,0.2,3,4,0.75,0,9,0.4,0.4,1,0.0,3,8,1.0,15,2.67,0.33,21.0,0.342,
1631159,495,Leonard Miller,1610612750,MIN,10,27,5,14,0.357,0,5,0.0,8,8,1.0,3,8,1.1,0.0,2,0.1,2,2,1.8,21,0.0,1.0,21.0,0.514,
1631250,496,Pete Nance,1610612749,MIL,9,78,6,18,0.333,4,14,0.286,1,2,0.5,2,8,1.1,0.3,1,0.0,0,10,1.9,18,0.0,0.0,25.0,0.45,
1642050,497,Jackson Rowe,1610612744,GSW,5,43,6,15,0.4,2,9,0.222,2,4,0.5,0,8,1.6,0.6,3,0.0,1,4,3.2,18,3.0,3.0,28.0,0.477,
1642352,497,Keshad Johnson,1610612748,MIA,10,57,7,12,0.583,1,4,0.25,1,6,0.167,2,15,1.7,0.3,1,0.4,3,5,1.6,28,1.0,0.33,23.0,0.546,
1630201,497,Malachi Flynn,1610612766,CHA,4,44,5,13,0.385,1,4,0.25,5,6,0.833,3,4,1.8,1.8,3,0.0,4,4,4.0,20,1.75,0.75,26.0,0.512,3873024.0
1628427,497,Vlatko Čančar,1610612743,DEN,9,89,7,16,0.438,2,7,0.286,0,0,0.0,6,20,2.9,0.6,1,0.1,8,8,1.8,32,0.63,0.13,27.0,0.5,
1630604,501,E.J. Liddell,1610612741,CHI,7,33,5,10,0.5,3,8,0.375,2,2,1.0,1,4,0.7,0.4,1,0.1,2,8,2.1,18,1.5,0.5,24.0,0.689,
204060,501,Joe Ingles,1610612750,MIN,18,108,6,20,0.3,3,13,0.231,0,0,0.0,2,9,0.6,1.2,2,0.0,8,10,0.8,28,2.75,0.25,37.0,0.375,0.0
1642422,503,Armel Traoré,1610612747,LAL,9,67,6,19,0.316,0,7,0.0,2,7,0.286,2,13,1.7,0.1,4,0.2,3,6,1.6,15,0.33,1.33,22.0,0.317,
1629098,503,Jack McVeigh,1610612745,HOU,7,28,5,13,0.385,4,10,0.4,0,0,0.0,1,3,0.6,0.1,0,0.1,1,1,2.0,11,1.0,0.0,28.0,0.538,
1641707,503,Taylor Hendricks,1610612762,UTA,3,75,4,18,0.222,3,12,0.25,3,4,0.75,5,10,5.0,0.7,5,1.3,2,8,4.7,23,1.0,2.5,21.0,0.354,
1631121,506,Bryce McGowens,1610612757,POR,12,30,4,13,0.308,0,4,0.0,5,6,0.833,2,1,0.2,0.1,1,0.0,4,2,1.1,4,0.25,0.25,22.0,0.416,1719864.0
1642353,506,Cam Christie,1610612746,LAC,8,41,5,15,0.333,2,10,0.2,1,2,0.5,1,6,0.9,0.6,3,0.0,2,2,1.6,15,2.5,1.5,19.0,0.409,
1642384,506,Isaiah Crawford,1610612758,SAC,11,37,5,9,0.556,1,4,0.25,2,4,0.5,1,7,0.7,0.0,1,0.1,1,2,1.2,16,0.0,1.0,23.0,0.604,
1631120,509,JD Davison,1610612738,BOS,9,39,3,9,0.333,2,6,0.333,4,5,0.8,0,3,0.3,0.3,2,0.0,6,1,1.3,7,0.5,0.33,22.0,0.536,1761752.0
1629680,509,Matisse Thybulle,1610612757,POR,3,39,5,12,0.417,1,6,0.167,1,2,0.5,3,9,4.0,1.3,8,0.7,0,0,4.0,30,0.0,0.0,28.0,0.466,6275861.0
1630649,509,Stanley Umude,1610612749,MIL,20,65,4,23,0.174,2,13,0.154,2,4,0.5,4,11,0.8,0.2,3,0.2,2,6,0.6,13,1.5,1.5,25.0,0.242,0.0
1642368,512,N'Faly Dante,1610612745,HOU,1,19,4,6,0.667,0,0,0.0,2,3,0.667,4,5,9.0,1.0,0,2.0,1,4,10.0,18,1.0,0.0,23.0,0.683,
1641772,512,Nae'Qwan Tomlin,1610612739,CLE,3,14,4,8,0.5,0,2,0.0,2,3,0.667,1,5,2.0,0.0,0,0.0,1,2,3.3,10,0.0,0.0,24.0,0.536,
1631311,514,Lester Quinones,1610612740,NOP,4,17,4,8,0.5,0,3,0.0,1,1,1.0,3,1,1.0,0.2,0,0.0,4,0,2.2,6,0.25,0.0,24.0,0.533,0.0
1641857,514,Liam Robbins,1610612749,MIL,13,57,2,8,0.25,0,2,0.0,5,10,0.5,7,5,0.9,0.2,2,0.2,6,9,0.7,10,0.33,0.33,25.0,0.363,
1642280,514,Trentyn Flowers,1610612746,LAC,2,16,4,9,0.444,0,2,0.0,1,1,1.0,1,3,2.0,0.0,0,0.0,1,3,4.5,7,0.0,0.0,20.0,0.477,
1641766,517,Adama Sanogo,1610612741,CHI,4,22,4,7,0.571,0,0,0.0,0,0,0.0,5,1,1.5,0.2,0,0.0,1,1,2.0,11,1.0,0.0,23.0,0.571,
201949,517,James Johnson,1610612754,IND,12,37,4,11,0.364,0,3,0.0,0,1,0.0,0,6,0.5,0.3,0,0.2,4,5,0.7,8,1.0,0.0,38.0,0.35,0.0
1631247,517,Luke Travers,1610612739,CLE,9,55,3,11,0.273,0,4,0.0,2,2,1.0,5,7,1.3,0.6,1,0.1,5,4,0.9,14,1.0,0.2,23.0,0.337,
1628408,520,PJ Dozier,1610612750,MIN,9,35,2,3,0.667,2,3,0.667,1,6,0.167,1,4,0.6,0.6,1,0.0,1,3,0.8,11,5.0,1.0,28.0,0.621,2413304.0
1642484,520,RayJ Dennis,1610612754,IND,8,23,2,10,0.2,1,7,0.143,2,2,1.0,2,4,0.8,0.6,3,0.0,4,3,0.9,9,1.25,0.75,23.0,0.322,
1641734,522,Emoni Bates,1610612739,CLE,7,27,2,14,0.143,2,11,0.182,0,0,0.0,0,0,0.0,0.6,1,0.0,0,2,0.9,-1,0.0,0.0,21.0,0.214,
1631210,522,Jacob Toppin,1610612737,ATL,16,49,3,10,0.3,0,2,0.0,0,0,0.0,2,9,0.7,0.2,2,0.0,2,3,0.4,14,2.0,1.0,24.0,0.3,
1630164,522,James Wiseman,1610612754,IND,1,5,2,4,0.5,0,1,0.0,2,2,1.0,0,1,1.0,0.0,0,0.0,0,0,6.0,5,0.0,0.0,23.0,0.615,12119440.0
1630528,522,Josh Christopher,1610612748,MIA,8,28,2,7,0.286,0,1,0.0,2,4,0.5,0,3,0.4,0.5,0,0.1,4,1,0.8,3,1.0,0.0,23.0,0.342,2485200.0
1631386,522,Tazé Moore,1610612757,POR,2,20,2,10,0.2,1,4,0.25,1,2,0.5,4,4,4.0,0.5,2,0.0,2,0,3.0,6,0.5,1.0,26.0,0.276,
1631214,527,Alondes Williams,1610612765,DET,1,4,2,2,1.0,1,1,1.0,0,0,0.0,0,0,0.0,1.0,0,0.0,0,0,5.0,6,0.0,0.0,25.0,1.25,0.0
1630561,527,David Duke Jr.,1610612759,SAS,4,18,2,7,0.286,0,1,0.0,1,2,0.5,0,3,0.8,0.8,0,0.0,1,1,1.2,4,3.0,0.0,25.0,0.317,
1627746,527,Skal Labissiere,1610612758,SAC,4,12,2,4,0.5,1,1,1.0,0,0,0.0,1,2,0.8,0.2,0,0.0,0,1,1.2,7,0.0,0.0,29.0,0.625,
1642279,527,Ulrich Chomche,1610612761,TOR,7,32,2,5,0.4,0,0,0.0,1,2,0.5,4,4,1.1,0.3,0,0.1,2,5,0.7,10,1.0,0.0,19.0,0.425,
1641817,531,Anton Watson,1610612752,NYK,4,11,2,6,0.333,0,0,0.0,0,0,0.0,1,0,0.2,0.5,0,0.0,1,0,1.0,2,2.0,0.0,24.0,0.333,
1641779,531,Jalen Bridges,1610612756,PHX,5,25,1,4,0.25,1,4,0.25,1,2,0.5,0,3,0.6,0.0,0,0.0,4,0,0.8,-1,0.0,0.0,23.0,0.41,
1631232,531,Keion Brooks Jr.,1610612740,NOP,2,10,1,2,0.5,0,1,0.0,2,4,0.5,1,2,1.5,0.5,0,0.0,0,1,2.0,5,0.0,0.0,24.0,0.532,
1642385,534,Cui Yongxi,1610612751,BKN,5,10,1,7,0.143,0,3,0.0,1,2,0.5,0,2,0.4,0.0,0,0.0,0,0,0.6,-2,0.0,0.0,21.0,0.19,
1630618,534,D.J. Carton,1610612761,TOR,4,33,1,7,0.143,0,3,0.0,1,1,1.0,0,4,1.0,0.8,2,0.0,4,1,0.8,2,0.75,0.5,24.0,0.202,
1642439,534,Quincy Olivari,1610612747,LAL,2,10,1,5,0.2,1,5,0.2,0,0,0.0,0,0,0.0,0.5,0,0.0,1,0,1.5,-1,1.0,0.0,23.0,0.3,
1641803,534,Tristen Newton,1610612750,MIN,8,16,1,8,0.125,0,3,0.0,1,1,1.0,2,2,0.5,0.2,1,0.0,2,4,0.4,1,1.0,0.5,23.0,0.178,
1631127,538,Harrison Ingram,1610612759,SAS,3,17,1,3,0.333,0,1,0.0,0,0,0.0,1,4,1.7,0.3,1,0.0,0,2,0.7,7,0.0,0.0,22.0,0.333,
1631123,538,Jamaree Bouyea,1610612749,MIL,1,5,1,1,1.0,0,0,0.0,0,0,0.0,0,0,0.0,1.0,1,0.0,1,0,2.0,3,1.0,1.0,25.0,1.0,0.0
1642502,538,Malevy Leons,1610612760,OKC,6,21,0,2,0.0,0,1,0.0,2,4,0.5,1,2,0.5,0.2,0,0.0,1,4,0.3,1,1.0,0.0,25.0,0.266,
1641879,538,Yuri Collins,1610612744,GSW,2,16,1,3,0.333,0,0,0.0,0,0,0.0,2,1,1.5,2.0,2,0.0,0,5,1.0,9,0.0,0.0,24.0,0.333,
1630227,542,Daishen Nix,1610612750,MIN,3,13,0,1,0.0,0,1,0.0,1,2,0.5,0,4,1.3,1.0,0,0.0,4,1,0.3,2,0.75,0.0,23.0,0.266,1836096.0
1641752,543,Bobi Klintman,1610612765,DET,6,17,0,2,0.0,0,1,0.0,0,0,0.0,0,4,0.7,0.2,0,0.2,1,2,0.0,3,1.0,0.0,22.0,0.0,
1631306,543,Cole Swider,1610612765,DET,2,13,0,5,0.0,0,5,0.0,0,0,0.0,0,2,1.0,0.5,0,0.0,0,1,0.0,-2,0.0,0.0,25.0,0.0,547349.0
1642450,543,Daniss Jenkins,1610612765,DET,5,10,0,4,0.0,0,4,0.0,0,0,0.0,0,0,0.0,0.0,0,0.0,1,2,0.0,-5,0.0,0.0,23.0,0.0,
1641801,543,Emanuel Miller,1610612741,CHI,1,2,0,0,0.0,0,0,0.0,0,0,0.0,0,0,0.0,0.0,0,0.0,0,0,0.0,0,0.0,0.0,24.0,,
1626143,543,Jahlil Okafor,1610612754,IND,1,3,0,0,0.0,0,0,0.0,0,0,0.0,0,1,1.0,1.0,0,0.0,0,0,0.0,2,0.0,0.0,29.0,,
1642443,543,Jahmir Young,1610612741,CHI,1,2,0,0,0.0,0,0,0.0,0,0,0.0,0,1,1.0,1.0,0,0.0,0,0,0.0,2,0.0,0.0,24.0,,
1629667,543,Jalen McDaniels,1610612764,WAS,4,7,0,0,0.0,0,0,0.0,0,0,0.0,0,0,0.0,0.2,1,0.0,0,0,0.0,2,0.0,0.0,27.0,,0.0
1642399,543,Jesse Edwards,1610612750,MIN,2,5,0,0,0.0,0,0,0.0,0,0,0.0,0,0,0.0,0.5,0,0.0,0,2,0.0,1,0.0,0.0,25.0,,
1631303,543,Justin Minaya,1610612757,POR,9,22,0,2,0.0,0,1,0.0,0,0,0.0,2,2,0.4,0.2,1,0.0,0,3,0.0,5,0.0,0.0,25.0,0.0,0.0
1630644,543,Mac McClung,1610612753,ORL,1,5,0,0,0.0,0,0,0.0,0,0,0.0,0,1,1.0,2.0,0,0.0,0,0,0.0,3,0.0,0.0,26.0,,1761752.0
1641936,543,Miles Norris,1610612738,BOS,1,4,0,0,0.0,0,0,0.0,0,0,0.0,0,2,2.0,0.0,0,0.0,0,0,0.0,2,0.0,0.0,24.0,,
200782,543,P.J. Tucker,1610612752,NYK,1,2,0,0,0.0,0,0,0.0,0,0,0.0,0,0,0.0,0.0,0,0.0,0,0,0.0,0,0.0,0.0,39.0,,
1642434,543,Riley Minix,1610612759,SAS,1,7,0,1,0.0,0,1,0.0,0,0,0.0,0,2,2.0,0.0,0,0.0,0,0,0.0,1,0.0,0.0,24.0,0.0,
1642389,543,Zyon Pullin,1610612763,MEM,3,3,0,1,0.0,0,0,0.0,0,0,0.0,0,0,0.0,0.0,0,0.0,0,0,0.0,-1,0.0,0.0,24.0,0.0,
