PLAYER,TEAM,Age,GP,PTS,TRB,AST,BLK,Salary,TS%,Predicted_Salary,Valuation,Diff
Shai Gilgeous-Alexander,OKC,26.0,66,33.0,5.0,6.2,1.0,33386850.0,0.645,39877850,Undervalued,6491000.0
Anthony Edwards,MIN,23.0,68,27.6,5.8,4.6,0.6,42176400.0,0.591,29151851,Overvalued,13024549.0
Nikola Jokić,DEN,30.0,62,29.1,12.8,10.3,0.7,50274000.0,0.659,44306699,Overvalued,5967301.0
Giannis Antetokounmpo,MIL,30.0,57,30.2,11.9,6.0,1.2,45640084.0,0.618,44996826,Fair,643258.0
Jayson Tatum,BOS,27.0,63,27.1,8.7,5.9,0.5,32600060.0,0.588,34855160,Fair,2255100.0
Cade Cunningham,DET,23.0,65,25.6,6.1,9.3,0.8,11055360.0,0.559,30748359,Undervalued,19692999.0
Devin Booker,PHX,28.0,64,25.9,4.1,7.0,0.2,36016200.0,0.596,32615505,Fair,3400695.0
Jalen Brunson,NYK,28.0,61,26.3,3.0,7.4,0.1,26346666.0,0.606,32625642,Undervalued,6278976.0
Tyler Herro,MIA,25.0,66,23.6,5.3,5.6,0.2,27000000.0,0.593,26269144,Fair,730856.0
Trae Young,ATL,26.0,64,24.1,3.2,11.4,0.2,40064220.0,0.56,30845340,Overvalued,9218880.0
Donovan Mitchell,CLE,28.0,63,24.1,4.4,4.8,0.2,33162030.0,0.579,29747648,Fair,3414382.0
Karl-Anthony Towns,NYK,29.0,62,24.4,12.9,3.1,0.7,36016200.0,0.633,34328901,Fair,1687299.0
Kevin Durant,PHX,36.0,57,26.4,6.1,4.3,1.2,47649433.0,0.639,44469821,Fair,3179612.0
Jalen Green,HOU,23.0,70,21.4,4.6,3.4,0.3,9891480.0,0.548,20679078,Undervalued,10787598.0
James Harden,LAC,35.0,66,22.5,5.9,8.7,0.6,35640000.0,0.57,39820911,Fair,4180911.0
De'Aaron Fox,SAS,27.0,62,23.5,4.8,6.3,0.4,32600060.0,0.56,29777918,Fair,2822142.0
LeBron James,LAL,40.0,58,25.0,8.2,8.5,0.6,46698737.0,0.608,48953481,Fair,2254744.0
Stephen Curry,GSW,37.0,60,24.2,4.4,6.0,0.4,51915615.0,0.616,41152631,Overvalued,10762984.0
Damian Lillard,MIL,34.0,58,24.9,4.7,7.1,0.2,45640084.0,0.621,38653676,Overvalued,6986408.0
Zach LaVine,SAC,30.0,61,23.3,4.4,4.3,0.2,40064220.0,0.642,30349698,Overvalued,9714522.0
DeMar DeRozan,SAC,35.0,64,22.2,3.9,4.2,0.4,28600000.0,0.579,35686469,Undervalued,7086469.0
Pascal Siakam,IND,30.0,68,20.8,7.1,3.4,0.5,37893408.0,0.61,28968086,Overvalued,8925322.0
Jaren Jackson Jr.,MEM,25.0,63,22.4,5.7,2.1,1.6,25257798.0,0.596,27596337,Fair,2338539.0
Tyrese Maxey,PHI,24.0,52,26.3,3.3,6.1,0.4,4343920.0,0.562,29255291,Undervalued,24911371.0
Darius Garland,CLE,25.0,64,20.9,2.7,6.7,0.2,33500000.0,0.607,22968748,Overvalued,10531252.0
Jamal Murray,DEN,28.0,61,21.5,3.8,6.1,0.5,33833400.0,0.587,28356769,Overvalued,5476631.0
Jalen Williams,OKC,23.0,61,21.3,5.5,5.3,0.7,4558680.0,0.568,23413385,Undervalued,18854705.0
Anfernee Simons,POR,25.0,66,19.6,2.7,4.8,0.1,24107143.0,0.564,20508893,Fair,3598250.0
Jaylen Brown,BOS,28.0,56,22.8,6.1,4.7,0.3,31830357.0,0.548,29818557,Fair,2011800.0
Alperen Sengun,HOU,22.0,66,19.2,10.5,4.9,0.8,3536280.0,0.551,21752279,Undervalued,18215999.0
Coby White,CHI,25.0,63,19.8,3.6,4.5,0.2,9942113.0,0.584,21136651,Undervalued,11194538.0
Kyrie Irving,DAL,32.0,50,24.7,4.8,4.6,0.5,41000000.0,0.594,36388217,Fair,4611783.0
Mikal Bridges,NYK,28.0,69,17.6,3.2,3.6,0.5,21700000.0,0.582,22156476,Fair,456476.0
Franz Wagner,ORL,23.0,50,24.2,5.6,4.7,0.4,5508720.0,0.558,25991434,Undervalued,20482714.0
Austin Reaves,LAL,26.0,61,19.6,4.5,6.0,0.3,12976362.0,0.6,23451459,Undervalued,10475097.0
Jordan Poole,WAS,25.0,58,20.4,3.2,4.6,0.4,27955357.0,0.577,22634906,Overvalued,5320451.0
Bam Adebayo,MIA,27.0,67,17.6,9.9,4.3,0.7,32600060.0,0.557,24725850,Overvalued,7874210.0
Nikola Vučević,CHI,34.0,62,18.7,10.1,3.4,0.7,20000000.0,0.614,33142181,Undervalued,13142181.0
Evan Mobley,CLE,23.0,61,18.8,9.2,3.0,1.5,8882640.0,0.645,22424949,Undervalued,13542309.0
Tyrese Haliburton,IND,25.0,62,18.5,3.5,9.0,0.6,5808435.0,0.61,23201371,Undervalued,17392936.0
LaMelo Ball,CHA,23.0,45,25.4,5.1,7.2,0.3,10900635.0,0.534,28680312,Undervalued,17779677.0
Malik Beasley,DET,28.0,70,16.2,2.7,1.7,0.1,16524106.0,0.598,17956560,Fair,1432454.0
Miles Bridges,CHA,27.0,54,21.0,7.8,3.9,0.7,27173913.0,0.551,28170546,Fair,996633.0
CJ McCollum,NOP,33.0,54,20.9,3.8,4.0,0.4,35802469.0,0.548,32630762,Fair,3171707.0
Trey Murphy III,NOP,24.0,53,21.2,5.1,3.5,0.7,5159855.0,0.598,23395720,Undervalued,18235865.0
RJ Barrett,TOR,24.0,52,21.5,6.5,5.7,0.3,23883929.0,0.553,24688853,Fair,804924.0
Victor Wembanyama,SAS,21.0,46,24.3,11.0,3.7,3.8,12768960.0,0.594,35514304,Undervalued,22745344.0
Domantas Sabonis,SAC,28.0,58,19.2,13.9,6.2,0.4,22000000.0,0.659,28585874,Undervalued,6585874.0
Norman Powell,LAC,31.0,48,23.2,3.4,2.1,0.2,18000000.0,0.626,30590096,Undervalued,12590096.0
Anthony Davis,DAL,32.0,43,25.7,12.0,3.4,2.2,40600080.0,0.602,44861972,Fair,4261892.0
Desmond Bane,MEM,26.0,58,19.1,6.3,5.5,0.4,3845083.0,0.601,23705307,Undervalued,19860224.0
Ivica Zubac,LAC,28.0,67,16.4,12.6,2.6,1.2,10933333.0,0.634,25350194,Undervalued,14416861.0
Derrick White,BOS,30.0,65,16.7,4.4,4.4,1.1,18357143.0,0.605,26131952,Undervalued,7774809.0
Julius Randle,MIN,30.0,58,18.7,7.0,4.6,0.2,25660800.0,0.586,27091449,Fair,1430649.0
Scottie Barnes,TOR,23.0,55,19.7,7.8,5.9,1.0,8008680.0,0.527,24422156,Undervalued,16413476.0
Shaedon Sharpe,POR,21.0,62,17.5,4.2,2.6,0.2,6313800.0,0.549,13622890,Undervalued,7309090.0
OG Anunoby,NYK,27.0,63,16.7,4.8,2.1,0.9,18642857.0,0.574,21370697,Fair,2727840.0
Malik Monk,SAC,27.0,58,18.1,3.8,5.9,0.7,9945830.0,0.555,24464831,Undervalued,14519001.0
Luka Dončić,LAL,26.0,38,27.4,8.5,7.9,0.4,43031940.0,0.57,36158580,Overvalued,6873360.0
Christian Braun,DEN,23.0,68,15.1,5.0,2.4,0.5,2949120.0,0.658,13012924,Undervalued,10063804.0
Bennedict Mathurin,IND,22.0,63,16.3,5.4,1.9,0.4,6916080.0,0.586,13689265,Undervalued,6773185.0
Naz Reid,MIN,25.0,70,14.6,6.2,2.2,1.0,13986432.0,0.577,17289897,Fair,3303465.0
Cameron Johnson,BKN,29.0,53,18.9,4.3,3.2,0.5,8060533.0,0.635,25135835,Undervalued,17075302.0
Deni Avdija,POR,24.0,64,15.6,6.8,3.7,0.5,6263188.0,0.599,16820506,Undervalued,10557318.0
Collin Sexton,UTA,26.0,54,18.1,2.9,4.2,0.1,17325000.0,0.589,20077773,Fair,2752773.0
Ja Morant,MEM,25.0,43,22.3,4.1,7.4,0.3,33500000.0,0.56,27163351,Overvalued,6336649.0
Payton Pritchard,BOS,27.0,68,14.1,3.7,3.4,0.2,4037277.0,0.641,15801604,Undervalued,11764327.0
Andrew Wiggins,MIA,30.0,54,17.7,4.5,2.5,0.8,24330357.0,0.558,26272833,Fair,1942476.0
Myles Turner,IND,28.0,61,15.5,6.5,1.6,1.9,20975000.0,0.605,24397475,Fair,3422475.0
Jarrett Allen,CLE,26.0,69,13.6,10.1,1.9,0.9,20000000.0,0.723,16852752,Fair,3147248.0
Stephon Castle,SAS,20.0,67,14.0,3.2,3.5,0.2,9105120.0,0.52,8845595,Fair,259525.0
Keyonte George,UTA,21.0,55,16.9,3.8,5.8,0.2,4084265.0,0.545,14975470,Undervalued,10891205.0
De'Andre Hunter,CLE,27.0,53,17.5,4.0,1.5,0.2,20089286.0,0.629,19415859,Fair,673427.0
Dillon Brooks,HOU,29.0,66,14.0,3.9,1.8,0.2,22255493.0,0.547,18164827,Fair,4090666.0
Josh Hart,NYK,30.0,66,14.0,9.6,5.7,0.4,12960000.0,0.622,23354225,Undervalued,10394225.0
Tobias Harris,DET,32.0,66,13.9,6.1,2.2,0.8,39270150.0,0.568,24109181,Overvalued,15160969.0
Paolo Banchero,ORL,22.0,36,25.2,7.2,4.8,0.7,11608080.0,0.547,28277486,Undervalued,16669406.0
Kelly Oubre Jr.,PHI,29.0,60,15.1,6.1,1.8,0.5,7983000.0,0.551,21319982,Undervalued,13336982.0
Dyson Daniels,ATL,22.0,64,14.1,5.6,4.2,0.7,5784120.0,0.537,13983922,Undervalued,8199802.0
Jaden McDaniels,MIN,24.0,71,12.6,6.0,2.1,0.9,3901399.0,0.571,13541005,Undervalued,9639606.0
Lauri Markkanen,UTA,27.0,47,19.0,5.9,1.5,0.4,17259999.0,0.571,23200104,Undervalued,5940105.0
Klay Thompson,DAL,35.0,61,14.4,3.6,2.1,0.5,43219440.0,0.556,26562708,Overvalued,16656732.0
Quentin Grimes,PHI,24.0,65,13.4,4.2,2.6,0.3,2385720.0,0.609,12125065,Undervalued,9739345.0
Brook Lopez,MIL,36.0,68,12.6,5.0,1.7,1.9,23000000.0,0.617,29390047,Undervalued,6390047.0
Dennis Schröder,DET,31.0,64,13.3,2.5,5.3,0.2,13025250.0,0.54,21283203,Undervalued,8257953.0
Josh Giddey,CHI,22.0,61,13.9,7.7,6.7,0.6,6587040.0,0.57,15403360,Undervalued,8816320.0
Devin Vassell,SAS,24.0,53,16.0,3.9,2.9,0.6,5887899.0,0.541,17200221,Undervalued,11312322.0
Amen Thompson,HOU,22.0,60,14.0,8.3,3.6,1.2,9249748.0,0.601,15604567,Undervalued,6354819.0
Bradley Beal,PHX,31.0,48,17.3,3.4,3.6,0.5,46741590.0,0.606,26088241,Overvalued,20653349.0
Russell Westbrook,DEN,36.0,63,13.1,5.1,6.3,0.5,5631296.0,0.538,29211589,Undervalued,23580293.0
Keldon Johnson,SAS,25.0,65,12.5,4.6,1.5,0.2,20000000.0,0.576,11822400,Overvalued,8177600.0
Keegan Murray,SAC,24.0,66,12.3,6.8,1.5,0.8,8409000.0,0.548,13319657,Fair,4910657.0
Harrison Barnes,SAS,32.0,68,11.8,3.9,1.7,0.2,18000000.0,0.647,18038812,Fair,38812.0
Onyeka Okongwu,ATL,24.0,62,12.9,8.6,2.2,1.0,8109063.0,0.633,14977802,Undervalued,6868739.0
Buddy Hield,GSW,32.0,70,11.3,3.3,1.7,0.3,19279841.0,0.558,18362433,Fair,917408.0
Aaron Wiggins,OKC,26.0,68,11.6,3.8,1.7,0.3,1836096.0,0.599,11742614,Undervalued,9906518.0
Scoot Henderson,POR,21.0,62,12.7,3.1,5.0,0.2,10259449.0,0.542,9382276,Fair,877173.0
Gradey Dick,TOR,21.0,54,14.4,3.6,1.8,0.2,4763543.0,0.543,10021948,Undervalued,5258405.0
Kyle Kuzma,MIL,29.0,52,14.8,6.0,2.3,0.2,13000000.0,0.499,21201796,Undervalued,8201796.0
Jalen Duren,DET,21.0,67,11.4,10.3,2.5,1.1,4330680.0,0.708,10026127,Undervalued,5695447.0
Ty Jerome,CLE,27.0,64,11.9,2.5,3.3,0.0,1761752.0,0.627,12629241,Undervalued,10867489.0
John Collins,UTA,27.0,40,19.0,8.2,2.0,1.0,25340000.0,0.628,25920667,Fair,580667.0
Jakob Poeltl,TOR,29.0,53,14.3,9.6,2.8,1.2,19500000.0,0.637,23890348,Fair,4390348.0
Duncan Robinson,MIA,30.0,66,11.2,2.3,2.5,0.1,18154000.0,0.593,15304273,Fair,2849727.0
Zion Williamson,NOP,24.0,30,24.6,7.2,5.3,0.9,33500000.0,0.6,30560699,Fair,2939301.0
Naji Marshall,DAL,27.0,57,12.8,4.7,2.9,0.1,1930681.0,0.577,15302521,Undervalued,13371840.0
Spencer Dinwiddie,DAL,31.0,68,10.7,2.4,3.9,0.2,20357143.0,0.55,17337150,Fair,3019993.0
Fred VanVleet,HOU,31.0,51,14.2,4.0,5.6,0.5,22824074.0,0.515,24760630,Fair,1936556.0
Tyus Jones,PHX,28.0,69,10.4,2.4,5.7,0.1,14000000.0,0.587,13877487,Fair,122513.0
Corey Kispert,WAS,26.0,61,11.6,3.0,1.7,0.2,3722040.0,0.584,11636699,Undervalued,7914659.0
D'Angelo Russell,BKN,29.0,54,13.0,2.8,5.2,0.4,0.0,0.526,19969133,Undervalued,19969133.0
Keon Johnson,BKN,23.0,68,10.1,3.7,2.0,0.4,2808720.0,0.482,8274754,Undervalued,5466034.0
Jalen Johnson,ATL,23.0,36,18.9,10.0,5.0,1.0,2925360.0,0.569,24330281,Undervalued,21404921.0
Obi Toppin,IND,27.0,66,10.3,4.0,1.6,0.3,6803012.0,0.643,11138719,Fair,4335707.0
Jerami Grant,POR,31.0,47,14.4,3.5,2.1,1.0,0.0,0.523,24523091,Undervalued,24523091.0
Amir Coffey,LAC,27.0,67,10.1,2.3,1.1,0.1,3666667.0,0.614,9661780,Undervalued,5995113.0
Paul George,PHI,34.0,41,16.2,5.3,4.3,0.5,45640084.0,0.543,30305568,Overvalued,15334516.0
Rui Hachimura,LAL,27.0,50,13.3,5.2,1.5,0.5,8486619.0,0.612,16481016,Undervalued,7994397.0
Rudy Gobert,MIN,32.0,61,10.9,10.2,1.8,1.5,41000000.0,0.677,23387174,Overvalued,17612826.0
Nickeil Alexander-Walker,MIN,26.0,71,9.3,3.2,2.5,0.4,7073602.0,0.58,9807863,Fair,2734261.0
Terry Rozier,MIA,31.0,59,11.2,3.8,2.7,0.2,23205221.0,0.504,18596608,Fair,4608613.0
Julian Champagnie,SAS,23.0,68,9.5,3.8,1.4,0.4,1761752.0,0.571,6451417,Fair,4689665.0
Georges Niang,ATL,31.0,67,9.6,3.8,1.4,0.2,0.0,0.6,14801556,Undervalued,14801556.0
Max Christie,DAL,22.0,66,9.6,3.2,1.9,0.4,1719864.0,0.576,5537521,Fair,3817657.0
Bobby Portis,MIL,30.0,46,13.7,8.3,2.2,0.5,11710818.0,0.538,22724623,Undervalued,11013805.0
Daniel Gafford,DAL,26.0,51,12.3,6.9,1.4,1.9,12402000.0,0.716,18051570,Undervalued,5649570.0
Caris LeVert,ATL,30.0,52,11.9,3.1,3.4,0.5,0.0,0.593,18761461,Undervalued,18761461.0
Luguentz Dort,OKC,25.0,62,9.9,4.2,1.6,0.6,15277778.0,0.572,10311493,Fair,4966285.0
Moses Moody,GSW,22.0,62,9.9,2.5,1.2,0.4,3918480.0,0.587,5317029,Fair,1398549.0
Donte DiVincenzo,MIN,28.0,52,11.7,3.8,3.8,0.2,4725000.0,0.58,15938266,Undervalued,11213266.0
Walker Kessler,UTA,23.0,53,11.4,12.3,1.6,2.4,2831160.0,0.686,17410097,Undervalued,14578937.0
Isaiah Joe,OKC,25.0,62,9.7,2.6,1.5,0.1,1997238.0,0.598,7675909,Undervalued,5678671.0
Jonathan Kuminga,GSW,22.0,37,16.3,4.8,2.3,0.5,6012840.0,0.535,15762183,Undervalued,9749343.0
Cam Thomas,BKN,23.0,25,24.0,3.3,3.8,0.1,2240160.0,0.575,24578771,Undervalued,22338611.0
Chris Paul,SAS,39.0,68,8.8,3.7,7.8,0.2,30800000.0,0.581,26667400,Fair,4132600.0
Royce O'Neale,PHX,31.0,64,9.3,5.0,2.2,0.5,9500000.0,0.593,16478732,Undervalued,6978732.0
Jordan Clarkson,UTA,32.0,36,16.4,3.2,3.8,0.2,14260000.0,0.542,26559341,Undervalued,12299341.0
Tari Eason,HOU,23.0,47,12.5,6.4,1.4,0.9,3527160.0,0.574,13177635,Undervalued,9650475.0
Cole Anthony,ORL,24.0,61,9.6,3.0,2.9,0.4,5539771.0,0.527,9014708,Fair,3474937.0
Jrue Holiday,BOS,34.0,53,11.0,4.3,3.8,0.5,36861707.0,0.56,23242018,Overvalued,13619689.0
Kentavious Caldwell-Pope,ORL,32.0,66,8.8,2.1,1.8,0.5,14704938.0,0.553,16119714,Fair,1414776.0
Aaron Gordon,DEN,29.0,41,14.1,5.0,3.0,0.2,21266182.0,0.647,19556382,Fair,1709800.0
Deandre Ayton,POR,26.0,40,14.4,10.2,1.6,1.0,32459438.0,0.583,20674263,Overvalued,11785175.0
Grayson Allen,PHX,29.0,53,10.7,3.1,2.2,0.4,8925000.0,0.64,14830865,Undervalued,5905865.0
Jalen Suggs,ORL,23.0,35,16.2,4.0,3.7,0.9,7252080.0,0.536,18605061,Undervalued,11352981.0
Ochai Agbaji,TOR,24.0,56,10.1,3.7,1.5,0.5,4114200.0,0.607,8801048,Fair,4686848.0
Ziaire Williams,BKN,23.0,55,10.3,4.8,1.4,0.4,4810200.0,0.554,8472711,Fair,3662511.0
Ayo Dosunmu,CHI,25.0,46,12.3,3.5,4.5,0.4,0.0,0.585,14325139,Undervalued,14325139.0
Mark Williams,CHA,23.0,36,15.5,10.1,2.5,1.3,3908160.0,0.638,19512907,Undervalued,15604747.0
Miles McBride,NYK,24.0,59,9.4,2.5,2.9,0.3,1836096.0,0.533,8348992,Undervalued,6512896.0
Andrew Nembhard,IND,25.0,53,10.4,3.1,5.1,0.2,2131905.0,0.556,11765956,Undervalued,9634051.0
Jeremy Sochan,SAS,21.0,48,11.5,6.6,2.5,0.5,5316960.0,0.6,8952756,Fair,3635796.0
Keon Ellis,SAC,25.0,67,8.2,2.5,1.3,0.8,1761752.0,0.659,7212575,Undervalued,5450823.0
Taurean Prince,MIL,30.0,68,8.1,3.8,2.0,0.1,7650000.0,0.609,11911301,Fair,4261301.0
Kevin Huerter,CHI,26.0,59,9.2,3.0,2.0,0.4,15669643.0,0.532,10399579,Overvalued,5270064.0
Dejounte Murray,NOP,28.0,31,17.5,6.5,7.4,0.4,18214000.0,0.494,27700747,Undervalued,9486747.0
Brandon Clarke,MEM,28.0,64,8.3,5.1,1.0,0.6,12500000.0,0.638,11214149,Fair,1285851.0
Isaiah Hartenstein,OKC,26.0,47,11.4,11.1,3.9,1.0,9245121.0,0.596,18518394,Undervalued,9273273.0
Jaden Ivey,DET,23.0,30,17.6,4.1,4.0,0.4,7614480.0,0.569,18713256,Undervalued,11098776.0
Luke Kennard,MEM,28.0,55,9.5,2.8,3.4,0.1,14763636.0,0.636,11956791,Fair,2806845.0
Draymond Green,GSW,35.0,56,9.3,6.2,5.7,1.1,27586224.0,0.54,26143779,Fair,1442445.0
Kawhi Leonard,LAC,33.0,26,19.6,5.3,2.9,0.5,45640084.0,0.562,32651524,Overvalued,12988560.0
Mike Conley,MIN,37.0,60,8.4,2.6,4.4,0.2,24360000.0,0.583,22052237,Fair,2307763.0
Chris Boucher,TOR,32.0,50,10.0,4.5,0.7,0.5,11750000.0,0.615,17835144,Undervalued,6085144.0
Clint Capela,ATL,30.0,55,8.9,8.5,1.1,1.0,20616000.0,0.564,17789598,Fair,2826402.0
Immanuel Quickley,TOR,25.0,28,17.3,3.6,5.6,0.1,4171548.0,0.575,20480358,Undervalued,16308810.0
Nick Richards,PHX,27.0,49,9.7,8.4,1.0,1.1,5000000.0,0.638,15039455,Undervalued,10039455.0
Jalen Smith,CHI,25.0,57,8.2,5.6,1.0,0.7,5043773.0,0.59,8986708,Fair,3942935.0
Josh Green,CHA,24.0,63,7.3,2.6,1.6,0.2,4765339.0,0.549,4708390,Fair,56949.0
AJ Green,MIL,25.0,62,7.4,2.2,1.4,0.1,1761752.0,0.613,4816858,Fair,3055106.0
Goga Bitadze,ORL,25.0,59,7.7,6.9,1.9,1.5,2066585.0,0.647,11212557,Undervalued,9145972.0
Sam Hauser,BOS,27.0,59,7.7,3.1,0.9,0.2,1927896.0,0.615,7892467,Undervalued,5964571.0
Joel Embiid,PHI,31.0,19,23.8,8.2,4.5,0.9,46900000.0,0.58,38277854,Overvalued,8622146.0
Patrick Williams,CHI,23.0,51,8.8,3.9,2.0,0.6,9835881.0,0.493,8253912,Fair,1581969.0
Peyton Watson,DEN,22.0,57,7.9,3.2,1.5,1.2,2303520.0,0.566,6458464,Fair,4154944.0
Al Horford,BOS,38.0,53,8.4,5.9,2.1,0.9,10000000.0,0.556,25840190,Undervalued,15840190.0
Davion Mitchell,MIA,26.0,62,7.1,2.1,4.6,0.2,5063640.0,0.561,8179793,Fair,3116153.0
Tyrese Martin,BKN,26.0,52,8.5,3.6,1.8,0.2,1719864.0,0.529,9484158,Undervalued,7764294.0
Jose Alvarado,NOP,26.0,46,9.6,2.3,4.6,0.2,1836096.0,0.54,11963050,Undervalued,10126954.0
Jake LaRavia,SAC,23.0,63,6.9,4.0,2.5,0.4,3199920.0,0.593,4313314,Fair,1113394.0
Dorian Finney-Smith,LAL,31.0,51,8.5,4.0,1.4,0.3,13932008.0,0.587,14877020,Fair,945012.0
Cameron Payne,NYK,30.0,63,6.8,1.4,2.7,0.2,6500000.0,0.537,11285410,Fair,4785410.0
Sam Merrill,CLE,28.0,60,7.0,2.0,1.4,0.2,1997238.0,0.585,8397791,Undervalued,6400553.0
Johnny Juzang,UTA,24.0,52,8.1,2.9,0.9,0.1,1761752.0,0.569,5328424,Fair,3566672.0
Dalano Banton,POR,25.0,55,7.6,1.8,2.1,0.4,0.0,0.524,7416598,Undervalued,7416598.0
Khris Middleton,WAS,33.0,34,12.2,3.9,4.2,0.2,40396552.0,0.602,23079616,Overvalued,17316936.0
Brandon Ingram,TOR,27.0,18,22.2,5.6,5.2,0.6,33833400.0,0.56,30770308,Fair,3063092.0
Simone Fontecchio,DET,29.0,63,6.2,3.0,0.9,0.2,3044872.0,0.549,8941449,Undervalued,5896577.0
Jaden Hardy,DAL,22.0,47,8.3,1.6,1.4,0.1,1719864.0,0.55,3520114,Fair,1800250.0
Terance Mann,ATL,28.0,54,7.2,2.9,1.9,0.3,10576923.0,0.571,9945876,Fair,631047.0
Moritz Wagner,ORL,27.0,30,12.9,4.9,1.4,0.4,0.0,0.649,16177782,Undervalued,16177782.0
Day'Ron Sharpe,BKN,23.0,48,8.0,6.7,1.8,0.9,2210040.0,0.569,8582519,Undervalued,6372479.0
Haywood Highsmith,MIA,28.0,61,6.3,3.1,1.4,0.6,1902137.0,0.59,9157285,Undervalued,7255148.0
Aaron Nesmith,IND,25.0,33,11.5,3.8,1.4,0.4,5634257.0,0.648,11850326,Undervalued,6216069.0
Max Strus,CLE,28.0,40,9.5,4.4,3.1,0.2,0.0,0.597,13768355,Undervalued,13768355.0
Jay Huff,MEM,27.0,55,6.9,2.1,0.6,0.9,0.0,0.668,8335307,Undervalued,8335307.0
Isaiah Stewart,DET,23.0,64,5.9,5.6,1.7,1.4,5266713.0,0.61,6212756,Fair,946043.0
Gabe Vincent,LAL,28.0,60,6.2,1.2,1.5,0.2,0.0,0.528,7853270,Undervalued,7853270.0
Justin Champagnie,WAS,23.0,48,7.8,5.0,1.0,0.6,1927896.0,0.601,6082787,Fair,4154891.0
Trey Lyles,SAC,29.0,57,6.5,4.6,1.2,0.4,0.0,0.554,10857756,Undervalued,10857756.0
Kris Dunn,LAC,31.0,61,6.0,3.5,3.0,0.4,2586484.0,0.504,13489318,Undervalued,10902834.0
Gary Payton II,GSW,32.0,56,6.5,2.9,1.3,0.3,8715000.0,0.641,12613704,Fair,3898704.0
Jared Butler,PHI,24.0,47,7.7,1.7,3.2,0.2,0.0,0.546,6517296,Undervalued,6517296.0
Thomas Bryant,IND,27.0,53,6.7,4.1,0.9,0.6,0.0,0.615,8675424,Undervalued,8675424.0
Chet Holmgren,OKC,22.0,23,15.2,8.5,1.9,2.5,10386000.0,0.606,21797570,Undervalued,11411570.0
Seth Curry,CHA,34.0,58,6.0,1.6,0.8,0.1,0.0,0.603,13262462,Undervalued,13262462.0
Garrison Mathews,ATL,28.0,45,7.6,1.8,1.3,0.3,2000000.0,0.611,9707326,Undervalued,7707326.0
Jonathan Isaac,ORL,27.0,61,5.6,4.5,0.5,1.1,17400000.0,0.509,9584681,Overvalued,7815319.0
Tre Jones,CHI,25.0,46,7.2,2.5,4.2,0.2,0.0,0.617,7297155,Undervalued,7297155.0
Zach Collins,CHI,27.0,52,6.3,4.3,1.6,0.5,7700000.0,0.597,8611510,Fair,911510.0
Kenrich Williams,OKC,30.0,56,5.8,3.4,1.2,0.1,6175000.0,0.593,9546875,Fair,3371875.0
Luke Kornet,BOS,29.0,61,5.2,5.0,1.6,1.0,2413304.0,0.686,10167394,Undervalued,7754090.0
Javonte Green,CLE,31.0,56,5.7,3.4,0.9,0.5,0.0,0.575,11818858,Undervalued,11818858.0
Cody Martin,PHX,29.0,42,7.6,4.5,2.3,0.7,7560000.0,0.521,14608379,Undervalued,7048379.0
Jeremiah Robinson-Earl,NOP,24.0,54,5.7,4.4,1.1,0.1,1900000.0,0.565,3284489,Fair,1384489.0
Kevon Looney,GSW,29.0,64,4.8,6.3,1.6,0.5,8500000.0,0.53,10023616,Fair,1523616.0
Malcolm Brogdon,WAS,32.0,24,12.7,3.8,4.1,0.2,22500000.0,0.544,23449022,Fair,949022.0
Mason Plumlee,PHX,35.0,68,4.5,6.2,1.8,0.6,0.0,0.639,15641382,Undervalued,15641382.0
Caleb Martin,DAL,29.0,36,8.4,4.1,2.2,0.6,6802950.0,0.524,15238946,Undervalued,8435996.0
Jaxson Hayes,LAL,24.0,44,6.8,4.8,1.2,1.0,9170460.0,0.729,6343062,Fair,2827398.0
Kelly Olynyk,NOP,33.0,36,8.3,4.6,2.7,0.4,12195122.0,0.61,18671375,Undervalued,6476253.0
Shake Milton,LAL,28.0,52,5.7,1.9,1.9,0.1,0.0,0.573,7412206,Undervalued,7412206.0
Trendon Watford,BKN,24.0,32,9.2,3.3,2.3,0.2,1836096.0,0.544,8967112,Undervalued,7131016.0
Andre Drummond,PHI,31.0,40,7.3,7.8,0.8,0.4,3360000.0,0.535,15918374,Undervalued,12558374.0
Precious Achiuwa,NYK,25.0,46,6.3,5.7,1.0,0.7,4379526.0,0.546,7904523,Fair,3524997.0
Alex Caruso,OKC,31.0,44,6.5,2.6,2.5,0.5,9460000.0,0.553,14093110,Fair,4633110.0
Aaron Holiday,HOU,28.0,53,5.3,1.3,1.3,0.2,0.0,0.582,6603395,Undervalued,6603395.0
Talen Horton-Tucker,CHI,24.0,49,5.5,1.7,1.3,0.2,11020000.0,0.546,2961372,Overvalued,8058628.0
Neemias Queta,BOS,25.0,53,5.1,3.9,0.6,0.7,1761752.0,0.668,4205857,Fair,2444105.0
Dean Wade,CLE,28.0,49,5.4,4.7,1.4,0.3,5709877.0,0.556,8721728,Fair,3011851.0
Lonzo Ball,CHI,27.0,35,7.6,3.4,3.3,0.5,20465117.0,0.524,12192785,Overvalued,8272332.0
Eric Gordon,PHI,36.0,39,6.8,1.2,1.7,0.3,20917902.0,0.591,18420942,Fair,2496960.0
Sandro Mamukelashvili,SAS,25.0,47,5.6,2.6,0.6,0.3,0.0,0.68,3232427,Fair,3232427.0
Dalen Terry,CHI,22.0,63,4.2,1.5,1.2,0.2,3350760.0,0.56,-1672849,Overvalued,5023609.0
Marcus Smart,WAS,31.0,29,9.1,2.1,3.5,0.3,18583713.0,0.52,17744684,Fair,839029.0
Nicolas Batum,LAC,36.0,67,3.9,2.9,1.2,0.5,11710818.0,0.6,14747624,Fair,3036806.0
Kyle Anderson,MIA,31.0,50,5.2,3.1,2.2,0.5,9219512.0,0.526,12654972,Fair,3435460.0
Drew Eubanks,LAC,28.0,50,5.1,4.1,1.0,0.7,0.0,0.622,8502316,Undervalued,8502316.0
Bruce Brown,NOP,28.0,33,7.6,3.8,2.0,0.1,6802950.0,0.492,11924468,Undervalued,5121518.0
Ben Simmons,LAC,28.0,41,5.9,5.0,6.4,0.5,37893408.0,0.554,13167664,Overvalued,24725744.0
KJ Martin,UTA,24.0,37,6.5,3.1,1.0,0.6,1930681.0,0.646,5219455,Fair,3288774.0
Isaac Okoro,CLE,24.0,43,5.5,2.2,1.3,0.4,8920794.0,0.568,3829710,Overvalued,5091084.0
Jabari Walker,POR,22.0,50,4.7,3.5,0.6,0.1,1719864.0,0.591,-737766,Fair,2457630.0
Alec Burks,MIA,33.0,37,6.3,2.7,1.2,0.2,10489600.0,0.584,14571509,Fair,4081909.0
Bol Bol,PHX,25.0,32,7.2,3.2,0.6,0.8,2200000.0,0.614,8107213,Undervalued,5907213.0
Lindy Waters III,DET,27.0,46,4.9,2.2,1.0,0.2,1927896.0,0.5,6319313,Fair,4391417.0
Josh Okogie,CHA,26.0,32,6.9,3.0,0.8,0.5,0.0,0.581,8352292,Undervalued,8352292.0
Ryan Rollins,MIL,22.0,44,5.0,1.7,1.3,0.4,1719864.0,0.559,872933,Fair,846931.0
Jaylin Williams,OKC,22.0,39,5.5,5.6,2.5,0.6,2000000.0,0.551,4395482,Fair,2395482.0
DaQuan Jeffries,CHA,27.0,34,6.2,2.8,1.1,0.6,2066585.0,0.522,9607686,Undervalued,7541101.0
Richaun Holmes,WAS,31.0,27,7.7,5.9,1.4,0.8,12046020.0,0.705,16220527,Fair,4174507.0
Orlando Robinson,TOR,24.0,34,6.0,4.4,1.6,0.4,1761752.0,0.508,6338739,Fair,4576987.0
Tre Mann,CHA,24.0,13,14.1,2.9,3.0,0.3,3191400.0,0.537,15869198,Undervalued,12677798.0
Steven Adams,HOU,31.0,50,3.5,5.3,1.2,0.4,12600000.0,0.515,10814836,Fair,1785164.0
Kessler Edwards,DAL,24.0,39,4.3,2.8,1.1,0.5,1927896.0,0.597,2835950,Fair,908054.0
Jae'Sean Tate,HOU,29.0,47,3.6,2.3,0.9,0.1,6500000.0,0.539,6412116,Fair,87884.0
Grant Williams,CHA,26.0,16,10.4,5.1,2.3,0.8,6235494.0,0.596,15304159,Undervalued,9068665.0
Daniel Theis,NOP,32.0,38,4.3,4.3,1.6,0.5,9108386.0,0.558,13164055,Fair,4055669.0
Charles Bassey,SAS,24.0,34,4.6,4.4,0.5,0.9,2600000.0,0.601,4832654,Fair,2232654.0
Paul Reed,DET,25.0,38,4.1,2.6,0.9,0.5,0.0,0.605,3542688,Fair,3542688.0
Zeke Nnaji,DEN,24.0,49,3.2,1.7,0.3,0.6,4306281.0,0.57,891665,Fair,3414616.0
DeAndre Jordan,DEN,36.0,46,3.3,4.7,0.8,0.4,0.0,0.626,14954843,Undervalued,14954843.0
Keaton Wallace,ATL,26.0,28,5.4,1.4,2.2,0.3,0.0,0.529,7007175,Undervalued,7007175.0
Malaki Branham,SAS,21.0,38,3.9,1.0,0.7,0.1,3071880.0,0.566,-2750996,Overvalued,5822876.0
Bones Hyland,MIN,24.0,21,7.0,1.1,1.4,0.2,2306400.0,0.568,5583496,Fair,3277096.0
Caleb Houstan,ORL,22.0,46,3.2,0.9,0.4,0.1,2000000.0,0.544,-2752842,Fair,4752842.0
Landry Shamet,NYK,28.0,37,3.9,1.0,0.5,0.1,10250000.0,0.542,5377730,Fair,4872270.0
Jock Landale,HOU,29.0,36,4.0,3.1,0.8,0.2,0.0,0.544,7867145,Undervalued,7867145.0
Ousmane Dieng,OKC,21.0,37,3.8,2.2,0.8,0.2,4798440.0,0.538,-1751660,Overvalued,6550100.0
David Roddy,HOU,23.0,30,4.7,2.6,1.1,0.3,2718240.0,0.575,2098528,Fair,619712.0
Mo Bamba,NOP,26.0,32,4.3,4.5,0.6,1.0,10300000.0,0.557,7703744,Fair,2596256.0
Pat Connaughton,MIL,32.0,33,4.2,2.5,1.7,0.3,9423869.0,0.534,12334550,Fair,2910681.0
Reggie Jackson,PHI,34.0,31,4.4,1.4,1.5,0.1,0.0,0.496,14178893,Undervalued,14178893.0
Blake Wesley,SAS,22.0,44,3.1,0.8,1.9,0.1,2504640.0,0.516,-1696272,Fair,4200912.0
Jeff Green,HOU,38.0,27,4.9,1.7,0.5,0.1,0.0,0.641,17600354,Undervalued,17600354.0
Kyle Lowry,PHI,38.0,33,4.0,2.0,2.8,0.3,29682540.0,0.53,19408138,Overvalued,10274402.0
Micah Potter,UTA,26.0,32,4.1,4.1,0.8,0.3,547349.0,0.579,5078609,Fair,4531260.0
Kevin Love,MIA,36.0,22,5.5,4.3,1.0,0.2,0.0,0.488,19221587,Undervalued,19221587.0
Quenton Jackson,IND,26.0,23,5.3,1.5,1.7,0.2,547349.0,0.581,6080515,Undervalued,5533166.0
Trevelin Queen,ORL,28.0,28,4.3,1.6,1.2,0.4,0.0,0.447,8703700,Undervalued,8703700.0
Luka Garza,MIN,26.0,33,3.6,1.5,0.3,0.1,1761752.0,0.537,3083523,Fair,1321771.0
Jordan Goodwin,LAL,26.0,16,7.2,4.3,1.6,0.6,1927896.0,0.598,10496786,Undervalued,8568890.0
Doug McDermott,SAC,33.0,36,3.1,0.5,0.1,0.1,13750000.0,0.601,9259883,Fair,4490117.0
Jevon Carter,CHI,29.0,30,3.7,0.9,1.0,0.1,2239943.0,0.547,6826528,Fair,4586585.0
Cory Joseph,ORL,33.0,39,2.8,1.0,1.1,0.1,0.0,0.527,10240098,Undervalued,10240098.0
Jarred Vanderbilt,LAL,25.0,24,4.4,5.1,1.3,0.2,4698000.0,0.57,5064858,Fair,366858.0
Cam Reddish,LAL,25.0,33,3.2,2.0,0.7,0.3,8109966.0,0.498,2905596,Overvalued,5204370.0
Gary Harris,ORL,30.0,36,2.9,1.3,0.6,0.3,13000000.0,0.498,7813933,Overvalued,5186067.0
Maxi Kleber,LAL,33.0,34,3.0,2.8,1.3,0.5,11000000.0,0.489,13051489,Fair,2051489.0
Kai Jones,DAL,24.0,30,3.3,2.2,0.4,0.5,3047880.0,0.795,-357565,Fair,3405445.0
Jericho Sims,MIL,26.0,53,1.8,3.7,0.6,0.4,1927896.0,0.639,1019081,Fair,908815.0
John Konchar,MEM,28.0,38,2.5,3.3,0.9,0.4,2400000.0,0.577,5413756,Fair,3013756.0
Anthony Gill,WAS,32.0,44,2.1,0.9,0.3,0.0,1997238.0,0.61,6497897,Fair,4500659.0
Torrey Craig,BOS,34.0,18,5.2,2.3,0.4,0.3,0.0,0.634,14658306,Undervalued,14658306.0
Dwight Powell,DAL,33.0,45,2.0,2.2,1.0,0.5,0.0,0.727,8722890,Undervalued,8722890.0
Dominick Barlow,ATL,21.0,23,3.9,1.9,0.4,0.6,1761752.0,0.546,-136668,Fair,1898420.0
Josh Minott,MIN,22.0,39,2.3,1.1,0.4,0.3,1719864.0,0.538,-2652834,Fair,4372698.0
Jamal Cain,NOP,26.0,27,3.3,2.0,0.6,0.3,1761752.0,0.508,4288269,Fair,2526517.0
Bismack Biyombo,SAS,32.0,17,5.1,4.8,1.1,0.8,0.0,0.654,14940483,Undervalued,14940483.0
Dru Smith,MIA,27.0,14,6.2,2.6,1.6,0.4,0.0,0.656,8852955,Undervalued,8852955.0
Christian Koloko,LAL,24.0,34,2.5,2.4,0.5,0.3,1719864.0,0.633,-334383,Fair,2054247.0
Taj Gibson,CHA,39.0,28,2.9,3.5,0.6,0.4,0.0,0.525,19250035,Undervalued,19250035.0
Johnny Davis,WAS,23.0,34,2.4,1.1,0.3,0.2,5050800.0,0.473,-894244,Overvalued,5945044.0
Moses Brown,DAL,25.0,13,5.8,3.4,0.2,0.3,0.0,0.706,4899117,Fair,4899117.0
Delon Wright,NYK,32.0,31,2.3,1.6,1.6,0.3,8195122.0,0.384,11446063,Fair,3250941.0
Jaden Springer,UTA,22.0,33,2.2,1.0,0.7,0.1,2226240.0,0.54,-2978574,Overvalued,5204814.0
Collin Gillespie,PHX,25.0,21,3.4,1.6,1.7,0.1,1761752.0,0.549,3001043,Fair,1239291.0
Jared Rhoden,TOR,25.0,10,7.1,3.0,0.8,0.2,1761752.0,0.523,8137333,Undervalued,6375581.0
Alex Len,LAL,31.0,44,1.6,2.1,0.8,0.5,0.0,0.526,7878544,Undervalued,7878544.0
Jordan McLaughlin,SAS,28.0,36,1.9,0.6,0.9,0.0,2320000.0,0.591,2531134,Fair,211134.0
MarJon Beauchamp,NYK,24.0,31,2.2,1.2,0.3,0.0,2609400.0,0.522,-892648,Fair,3502048.0
Jaylen Nowell,NOP,25.0,8,8.4,2.5,2.2,0.5,0.0,0.43,12090678,Undervalued,12090678.0
De'Anthony Melton,BKN,26.0,6,10.3,3.3,2.8,0.3,8000000.0,0.539,14333942,Undervalued,6333942.0
Damion Lee,PHX,32.0,18,3.3,0.8,0.5,0.0,0.0,0.488,10334030,Undervalued,10334030.0
Bruno Fernando,TOR,26.0,17,3.4,3.0,1.1,0.5,2581522.0,0.552,5697260,Fair,3115738.0
Killian Hayes,BKN,23.0,6,9.0,3.0,5.2,0.7,7413955.0,0.559,11765188,Fair,4351233.0
Mitchell Robinson,NYK,26.0,9,5.7,5.6,0.4,0.9,15681818.0,0.692,8994534,Overvalued,6687284.0
Tristan Thompson,CLE,34.0,35,1.5,2.7,0.6,0.2,0.0,0.4,12019401,Undervalued,12019401.0
Markieff Morris,LAL,35.0,13,3.3,1.5,1.1,0.2,0.0,0.355,16481698,Undervalued,16481698.0
JT Thor,WAS,22.0,11,3.5,1.3,0.4,0.3,1836096.0,0.641,-924123,Fair,2760219.0
Lamar Stevens,MEM,27.0,9,4.2,3.2,0.6,0.3,1930681.0,0.528,7505925,Undervalued,5575244.0
Oshae Brissett,PHI,26.0,4,9.5,4.2,1.0,0.8,0.0,0.567,14145262,Undervalued,14145262.0
Chris Duarte,CHI,27.0,17,2.1,1.2,0.5,0.0,4124400.0,0.61,2334794,Fair,1789606.0
Isaiah Jackson,IND,23.0,5,7.0,5.6,1.0,1.6,2696280.0,0.6,10592592,Undervalued,7896312.0
Garrett Temple,TOR,38.0,24,1.3,1.0,1.1,0.1,5401000.0,0.352,16717018,Undervalued,11316018.0
Josh Richardson,MIA,31.0,8,4.0,1.5,1.5,0.1,0.0,0.402,12395778,Undervalued,12395778.0
Markelle Fultz,SAC,26.0,12,2.6,0.6,0.8,0.1,17000000.0,0.414,4165631,Overvalued,12834369.0
Xavier Tillman,BOS,26.0,29,1.0,1.3,0.2,0.2,1930681.0,0.32,2735896,Fair,805215.0
Matt Ryan,NYK,27.0,19,1.5,0.4,0.2,0.0,1761752.0,0.439,2804992,Fair,1043240.0
Chuma Okeke,PHI,26.0,4,5.2,5.8,1.0,0.2,5266712.0,0.875,5142158,Fair,124554.0
Tony Bradley,IND,27.0,7,3.0,1.9,0.4,0.4,0.0,0.815,3225009,Fair,3225009.0
Jae Crowder,SAC,34.0,7,2.9,2.4,0.6,0.0,0.0,0.509,13114665,Undervalued,13114665.0
Malachi Flynn,CHA,26.0,4,4.0,1.8,1.8,0.0,3873024.0,0.512,5793691,Fair,1920667.0
Joe Ingles,MIN,37.0,18,0.8,0.6,1.2,0.0,0.0,0.375,14704072,Undervalued,14704072.0
Bryce McGowens,POR,22.0,12,1.1,0.2,0.1,0.0,1719864.0,0.416,-2879003,Fair,4598867.0
JD Davison,BOS,22.0,9,1.3,0.3,0.3,0.0,1761752.0,0.536,-3542050,Overvalued,5303802.0
Matisse Thybulle,POR,28.0,3,4.0,4.0,1.3,0.7,6275861.0,0.466,11223999,Fair,4948138.0
Stanley Umude,MIL,25.0,20,0.6,0.8,0.2,0.2,0.0,0.242,2182389,Fair,2182389.0
Lester Quinones,NOP,24.0,4,2.2,1.0,0.2,0.0,0.0,0.533,177793,Fair,177793.0
James Johnson,IND,38.0,12,0.7,0.5,0.3,0.2,0.0,0.35,16349082,Undervalued,16349082.0
PJ Dozier,MIN,28.0,9,0.8,0.6,0.6,0.0,2413304.0,0.621,2172153,Fair,241151.0
James Wiseman,IND,23.0,1,6.0,1.0,0.0,0.0,12119440.0,0.615,2430985,Overvalued,9688455.0
Josh Christopher,MIA,23.0,8,0.8,0.4,0.5,0.1,2485200.0,0.342,-553407,Fair,3038607.0
Alondes Williams,DET,25.0,1,5.0,0.0,1.0,0.0,0.0,1.25,-2393584,Fair,2393584.0
Jamaree Bouyea,MIL,25.0,1,2.0,0.0,1.0,0.0,0.0,1.0,-3232367,Fair,3232367.0
Daishen Nix,MIN,23.0,3,0.3,1.3,1.0,0.0,1836096.0,0.266,169006,Fair,1667090.0
Cole Swider,DET,25.0,2,0.0,1.0,0.5,0.0,547349.0,0.0,4379328,Fair,3831979.0
Justin Minaya,POR,25.0,9,0.0,0.4,0.2,0.0,0.0,0.0,3663784,Fair,3663784.0
